2025-05-08 22:54:35,810 - __main__ - INFO - Loading emotion detection model...
2025-05-08 22:54:36,581 - __main__ - INFO - Model loaded successfully
2025-05-08 22:54:41,881 - __main__ - INFO - Loading emotion detection model...
2025-05-08 22:54:42,460 - __main__ - INFO - Model loaded successfully
2025-05-08 22:57:06,873 - __main__ - INFO - Loading emotion detection model...
2025-05-08 22:57:07,630 - __main__ - INFO - Model loaded successfully
2025-05-08 22:57:13,233 - __main__ - INFO - Loading emotion detection model...
2025-05-08 22:57:13,891 - __main__ - INFO - Model loaded successfully
2025-05-08 22:59:22,335 - __main__ - INFO - Loading emotion detection model...
2025-05-08 22:59:23,060 - __main__ - INFO - Model loaded successfully
2025-05-08 22:59:29,581 - __main__ - INFO - Loading emotion detection model...
2025-05-08 22:59:30,170 - __main__ - INFO - Model loaded successfully
2025-05-08 22:59:35,469 - __main__ - INFO - Loading emotion detection model...
2025-05-08 22:59:37,318 - __main__ - INFO - Model loaded successfully
2025-05-08 23:01:30,415 - __main__ - INFO - Loading emotion detection model...
2025-05-08 23:01:30,415 - __main__ - INFO - Loading emotion detection model...
2025-05-08 23:01:31,177 - __main__ - INFO - Model loaded successfully
2025-05-08 23:01:31,177 - __main__ - INFO - Model loaded successfully
2025-05-08 23:01:34,618 - __main__ - INFO - Loading emotion detection model...
2025-05-08 23:01:34,954 - __main__ - DEBUG - Model loaded for LIME/SHAP test
2025-05-08 23:01:34,954 - __main__ - DEBUG - Generating LIME explanation for test
2025-05-08 23:01:34,954 - __main__ - DEBUG - Starting LIME explanation generation
2025-05-08 23:01:34,954 - __main__ - DEBUG - Model type: <class 'sklearn.ensemble._forest.RandomForestClassifier'>
2025-05-08 23:01:34,954 - __main__ - DEBUG - Features: ['reading_accuracy_1', 'reading_accuracy_2', 'spelling_accuracy_1', 'spelling_accuracy_2', 'letter_accuracy_1', 'letter_accuracy_2', 'word_matching_accuracy', 'number_reading_accuracy', 'sentence_copying_accuracy', 'line_spacing', 'letter_spacing', 'slant_angle', 'letter_size_variation', 'pressure_variation']
2025-05-08 23:01:34,958 - __main__ - DEBUG - Creating LIME explainer
2025-05-08 23:01:34,971 - __main__ - DEBUG - Generating LIME explanation
2025-05-08 23:01:35,267 - __main__ - DEBUG - Getting prediction
2025-05-08 23:01:35,279 - __main__ - DEBUG - Predicted class: 1
2025-05-08 23:01:35,279 - __main__ - DEBUG - Generated LIME explanation with 14 features
2025-05-08 23:01:35,279 - __main__ - DEBUG - Generated LIME explanation: {'-0.16 < slant_angle <= 3.17': 0.13182247295557423, '0.55 < spelling_accuracy_2 <= 0.70': 0.024478587771586652, '0.57 < spelling_accuracy_1 <= 0.70': 0.011475354689964891, 'line_spacing > 0.57': -0.009725998387384721, '0.17 < letter_size_variation <= 0.20': 0.008403688292041868, 'pressure_variation <= 0.34': -0.0066206325933727515, '0.75 < reading_accuracy_1 <= 0.85': 0.005957843013643707, 'letter_spacing > 0.36': -0.0020172385427649725, '0.85 < letter_accuracy_1 <= 0.91': 0.0017081504955820022, '0.69 < word_matching_accuracy <= 0.79': 0.0015987756246099703, '0.66 < reading_accuracy_2 <= 0.76': -0.001458072953887355, 'number_reading_accuracy <= 0.84': -0.0014452809550801794, '0.65 < sentence_copying_accuracy <= 0.75': -0.0013844910600945843, '0.85 < letter_accuracy_2 <= 0.91': 0.0011389326332065359}
2025-05-08 23:01:35,279 - __main__ - DEBUG - Generating SHAP explanation for test
2025-05-08 23:01:35,345 - __main__ - ERROR - Error generating SHAP explanation: index 1 is out of bounds for axis 0 with size 1
2025-05-08 23:01:35,346 - __main__ - ERROR - Traceback (most recent call last):
  File "/Users/rajlakshmi/Downloads/test/app.py", line 1804, in get_shap_explanation
    pred_shap_values = shap_values[pred][0]
IndexError: index 1 is out of bounds for axis 0 with size 1

2025-05-08 23:01:35,346 - __main__ - DEBUG - Generated SHAP explanation: {}
2025-05-08 23:01:36,600 - __main__ - INFO - Model loaded successfully
2025-05-08 23:01:41,335 - __main__ - INFO - Loading emotion detection model...
2025-05-08 23:01:43,031 - __main__ - INFO - Model loaded successfully
2025-05-08 23:02:04,385 - __main__ - ERROR - Speech recognition could not understand audio
2025-05-08 23:02:10,980 - __main__ - DEBUG - Calculating accuracy - Input: 'the quick brown fox', Target: 'The quick brown fox jumps over the lazy dog.'
2025-05-08 23:02:10,982 - __main__ - DEBUG - Calculated accuracy: 0.43181818181818177
2025-05-08 23:02:17,196 - __main__ - DEBUG - Calculating accuracy - Input: 'the cat seeds', Target: 'The cat sits on the mat.'
2025-05-08 23:02:17,197 - __main__ - DEBUG - Calculated accuracy: 0.41666666666666663
2025-05-08 23:03:01,788 - __main__ - INFO - Loading emotion detection model...
2025-05-08 23:03:01,788 - __main__ - INFO - Loading emotion detection model...
2025-05-08 23:03:01,788 - __main__ - INFO - Loading emotion detection model...
2025-05-08 23:03:02,634 - __main__ - INFO - Model loaded successfully
2025-05-08 23:03:02,634 - __main__ - INFO - Model loaded successfully
2025-05-08 23:03:02,635 - __main__ - INFO - Model loaded successfully
2025-05-08 23:03:24,522 - __main__ - INFO - Loading emotion detection model...
2025-05-08 23:03:24,522 - __main__ - INFO - Loading emotion detection model...
2025-05-08 23:03:24,522 - __main__ - INFO - Loading emotion detection model...
2025-05-08 23:03:25,377 - __main__ - INFO - Model loaded successfully
2025-05-08 23:03:25,377 - __main__ - INFO - Model loaded successfully
2025-05-08 23:03:25,382 - __main__ - INFO - Model loaded successfully
2025-05-08 23:04:10,524 - __main__ - DEBUG - Model loaded for LIME/SHAP test
2025-05-08 23:04:10,524 - __main__ - DEBUG - Generating LIME explanation for test
2025-05-08 23:04:10,524 - __main__ - DEBUG - Starting LIME explanation generation
2025-05-08 23:04:10,524 - __main__ - DEBUG - Model type: <class 'sklearn.ensemble._forest.RandomForestClassifier'>
2025-05-08 23:04:10,524 - __main__ - DEBUG - Features: ['reading_accuracy_1', 'reading_accuracy_2', 'spelling_accuracy_1', 'spelling_accuracy_2', 'letter_accuracy_1', 'letter_accuracy_2', 'word_matching_accuracy', 'number_reading_accuracy', 'sentence_copying_accuracy', 'line_spacing', 'letter_spacing', 'slant_angle', 'letter_size_variation', 'pressure_variation']
2025-05-08 23:04:10,528 - __main__ - DEBUG - Creating LIME explainer
2025-05-08 23:04:10,537 - __main__ - DEBUG - Generating LIME explanation
2025-05-08 23:04:10,761 - __main__ - DEBUG - Getting prediction
2025-05-08 23:04:10,773 - __main__ - DEBUG - Predicted class: 1
2025-05-08 23:04:10,773 - __main__ - DEBUG - Generated LIME explanation with 14 features
2025-05-08 23:04:10,773 - __main__ - DEBUG - Generated LIME explanation: {'-0.16 < slant_angle <= 3.17': 0.13182247295557423, '0.55 < spelling_accuracy_2 <= 0.70': 0.024478587771586652, '0.57 < spelling_accuracy_1 <= 0.70': 0.011475354689964891, 'line_spacing > 0.57': -0.009725998387384721, '0.17 < letter_size_variation <= 0.20': 0.008403688292041868, 'pressure_variation <= 0.34': -0.0066206325933727515, '0.75 < reading_accuracy_1 <= 0.85': 0.005957843013643707, 'letter_spacing > 0.36': -0.0020172385427649725, '0.85 < letter_accuracy_1 <= 0.91': 0.0017081504955820022, '0.69 < word_matching_accuracy <= 0.79': 0.0015987756246099703, '0.66 < reading_accuracy_2 <= 0.76': -0.001458072953887355, 'number_reading_accuracy <= 0.84': -0.0014452809550801794, '0.65 < sentence_copying_accuracy <= 0.75': -0.0013844910600945843, '0.85 < letter_accuracy_2 <= 0.91': 0.0011389326332065359}
2025-05-08 23:04:10,774 - __main__ - DEBUG - Generating SHAP explanation for test
2025-05-08 23:04:10,774 - __main__ - DEBUG - Creating SHAP explainer
2025-05-08 23:04:10,799 - __main__ - DEBUG - Calculating SHAP values
2025-05-08 23:04:10,814 - __main__ - DEBUG - Getting prediction
2025-05-08 23:04:10,825 - __main__ - DEBUG - Predicted class: 1
2025-05-08 23:04:10,825 - __main__ - DEBUG - SHAP values shape: (1, 14, 3)
2025-05-08 23:04:10,825 - __main__ - DEBUG - Using single array SHAP values
2025-05-08 23:04:10,825 - __main__ - DEBUG - Generated SHAP explanation with 3 features
2025-05-08 23:04:10,826 - __main__ - DEBUG - Generated SHAP explanation: {'reading_accuracy_1': 0.0060231942344138424, 'reading_accuracy_2': 0.05933544825637221, 'spelling_accuracy_1': -0.06535864249078507}
2025-05-08 23:05:37,198 - __main__ - INFO - Loading emotion detection model...
2025-05-08 23:05:37,198 - __main__ - INFO - Loading emotion detection model...
2025-05-08 23:05:37,198 - __main__ - INFO - Loading emotion detection model...
2025-05-08 23:05:37,970 - __main__ - INFO - Model loaded successfully
2025-05-08 23:05:37,971 - __main__ - INFO - Model loaded successfully
2025-05-08 23:05:37,971 - __main__ - INFO - Model loaded successfully
2025-05-08 23:06:04,313 - __main__ - INFO - Loading emotion detection model...
2025-05-08 23:06:04,313 - __main__ - INFO - Loading emotion detection model...
2025-05-08 23:06:04,313 - __main__ - INFO - Loading emotion detection model...
2025-05-08 23:06:05,101 - __main__ - INFO - Model loaded successfully
2025-05-08 23:06:05,101 - __main__ - INFO - Model loaded successfully
2025-05-08 23:06:05,101 - __main__ - INFO - Model loaded successfully
2025-05-08 23:06:36,789 - __main__ - INFO - Loading emotion detection model...
2025-05-08 23:06:36,794 - __main__ - INFO - Loading emotion detection model...
2025-05-08 23:06:36,794 - __main__ - INFO - Loading emotion detection model...
2025-05-08 23:06:37,516 - __main__ - INFO - Model loaded successfully
2025-05-08 23:06:37,517 - __main__ - INFO - Model loaded successfully
2025-05-08 23:06:37,542 - __main__ - INFO - Model loaded successfully
2025-05-08 23:07:18,794 - __main__ - INFO - Loading emotion detection model...
2025-05-08 23:07:20,817 - __main__ - INFO - Model loaded successfully
2025-05-08 23:07:27,122 - __main__ - INFO - Loading emotion detection model...
2025-05-08 23:07:28,815 - __main__ - INFO - Model loaded successfully
2025-05-08 23:07:43,141 - __main__ - INFO - Loading emotion detection model...
2025-05-08 23:07:43,377 - __main__ - INFO - Loading emotion detection model...
2025-05-08 23:07:43,378 - __main__ - INFO - Loading emotion detection model...
2025-05-08 23:07:43,382 - __main__ - INFO - Loading emotion detection model...
2025-05-08 23:07:44,105 - __main__ - INFO - Model loaded successfully
2025-05-08 23:07:44,281 - __main__ - INFO - Model loaded successfully
2025-05-08 23:07:44,282 - __main__ - INFO - Model loaded successfully
2025-05-08 23:07:44,282 - __main__ - INFO - Model loaded successfully
2025-05-08 23:08:04,739 - __main__ - INFO - Loading emotion detection model...
2025-05-08 23:08:05,352 - __main__ - INFO - Model loaded successfully
2025-05-08 23:08:14,104 - __main__ - INFO - Loading emotion detection model...
2025-05-08 23:08:14,692 - __main__ - INFO - Model loaded successfully
2025-05-08 23:08:20,276 - __main__ - INFO - Loading emotion detection model...
2025-05-08 23:08:20,926 - __main__ - INFO - Model loaded successfully
2025-05-08 23:08:51,472 - __main__ - ERROR - Speech recognition could not understand audio
2025-05-08 23:08:59,119 - __main__ - ERROR - Error in analyze_reading: name 'calculate_accuracy' is not defined
2025-05-08 23:09:07,740 - __main__ - ERROR - Error in analyze_reading: name 'calculate_accuracy' is not defined
2025-05-08 23:10:25,121 - __main__ - INFO - Loading emotion detection model...
2025-05-08 23:10:25,121 - __main__ - INFO - Loading emotion detection model...
2025-05-08 23:10:25,121 - __main__ - INFO - Loading emotion detection model...
2025-05-08 23:10:25,121 - __main__ - INFO - Loading emotion detection model...
2025-05-08 23:10:26,091 - __main__ - INFO - Model loaded successfully
2025-05-08 23:10:26,092 - __main__ - INFO - Model loaded successfully
2025-05-08 23:10:26,092 - __main__ - INFO - Model loaded successfully
2025-05-08 23:10:26,092 - __main__ - INFO - Model loaded successfully
2025-05-08 23:10:36,322 - __main__ - INFO - Loading emotion detection model...
2025-05-08 23:10:36,322 - __main__ - INFO - Loading emotion detection model...
2025-05-08 23:10:36,322 - __main__ - INFO - Loading emotion detection model...
2025-05-08 23:10:36,323 - __main__ - INFO - Loading emotion detection model...
2025-05-08 23:10:37,207 - __main__ - INFO - Model loaded successfully
2025-05-08 23:10:37,207 - __main__ - INFO - Model loaded successfully
2025-05-08 23:10:37,208 - __main__ - INFO - Model loaded successfully
2025-05-08 23:10:37,209 - __main__ - INFO - Model loaded successfully
2025-05-08 23:12:04,621 - __main__ - INFO - Loading emotion detection model...
2025-05-08 23:12:04,621 - __main__ - INFO - Loading emotion detection model...
2025-05-08 23:12:04,622 - __main__ - INFO - Loading emotion detection model...
2025-05-08 23:12:04,629 - __main__ - INFO - Loading emotion detection model...
2025-05-08 23:12:05,407 - __main__ - INFO - Model loaded successfully
2025-05-08 23:12:05,407 - __main__ - INFO - Model loaded successfully
2025-05-08 23:12:05,408 - __main__ - INFO - Model loaded successfully
2025-05-08 23:12:05,408 - __main__ - INFO - Model loaded successfully
2025-05-08 23:12:27,781 - __main__ - INFO - Loading emotion detection model...
2025-05-08 23:12:27,781 - __main__ - INFO - Loading emotion detection model...
2025-05-08 23:12:27,781 - __main__ - INFO - Loading emotion detection model...
2025-05-08 23:12:27,781 - __main__ - INFO - Loading emotion detection model...
2025-05-08 23:12:28,557 - __main__ - INFO - Model loaded successfully
2025-05-08 23:12:28,557 - __main__ - INFO - Model loaded successfully
2025-05-08 23:12:28,558 - __main__ - INFO - Model loaded successfully
2025-05-08 23:12:28,559 - __main__ - INFO - Model loaded successfully
2025-05-08 23:12:55,419 - __main__ - INFO - Loading emotion detection model...
2025-05-08 23:12:55,419 - __main__ - INFO - Loading emotion detection model...
2025-05-08 23:12:55,421 - __main__ - INFO - Loading emotion detection model...
2025-05-08 23:12:55,424 - __main__ - INFO - Loading emotion detection model...
2025-05-08 23:12:56,468 - __main__ - INFO - Model loaded successfully
2025-05-08 23:12:56,468 - __main__ - INFO - Model loaded successfully
2025-05-08 23:12:56,470 - __main__ - INFO - Model loaded successfully
2025-05-08 23:12:56,472 - __main__ - INFO - Model loaded successfully
2025-05-08 23:13:06,155 - __main__ - INFO - Loading emotion detection model...
2025-05-08 23:13:07,994 - __main__ - INFO - Model loaded successfully
2025-05-08 23:13:13,958 - __main__ - INFO - Loading emotion detection model...
2025-05-08 23:13:15,572 - __main__ - INFO - Model loaded successfully
2025-05-08 23:14:04,831 - __main__ - INFO - Loading emotion detection model...
2025-05-08 23:14:04,831 - __main__ - INFO - Loading emotion detection model...
2025-05-08 23:14:04,832 - __main__ - INFO - Loading emotion detection model...
2025-05-08 23:14:04,832 - __main__ - INFO - Loading emotion detection model...
2025-05-08 23:14:04,833 - __main__ - INFO - Loading emotion detection model...
2025-05-08 23:14:06,051 - __main__ - INFO - Model loaded successfully
2025-05-08 23:14:06,051 - __main__ - INFO - Model loaded successfully
2025-05-08 23:14:06,054 - __main__ - INFO - Model loaded successfully
2025-05-08 23:14:06,054 - __main__ - INFO - Model loaded successfully
2025-05-08 23:14:06,056 - __main__ - INFO - Model loaded successfully
2025-05-08 23:14:44,828 - __main__ - INFO - Loading emotion detection model...
2025-05-08 23:14:45,142 - __main__ - INFO - Loading emotion detection model...
2025-05-08 23:14:45,182 - __main__ - INFO - Loading emotion detection model...
2025-05-08 23:14:45,192 - __main__ - INFO - Loading emotion detection model...
2025-05-08 23:14:45,200 - __main__ - INFO - Loading emotion detection model...
2025-05-08 23:15:07,897 - __main__ - INFO - Loading emotion detection model...
2025-05-08 23:15:55,665 - __main__ - INFO - Loading emotion detection model...
2025-05-08 23:15:56,295 - __main__ - INFO - Model loaded successfully
2025-05-08 23:17:11,056 - __main__ - INFO - Loading emotion detection model...
2025-05-08 23:17:11,606 - __main__ - INFO - Model loaded successfully
2025-05-08 23:17:15,142 - __main__ - INFO - Loading emotion detection model...
2025-05-08 23:17:15,715 - __main__ - INFO - Model loaded successfully
2025-05-08 23:17:34,894 - __main__ - ERROR - Error in analyze_reading: name 'calculate_accuracy' is not defined
2025-05-08 23:17:43,027 - __main__ - ERROR - Error in analyze_reading: name 'calculate_accuracy' is not defined
2025-05-08 23:17:49,010 - __main__ - ERROR - Error in analyze_reading: name 'calculate_accuracy' is not defined
2025-05-08 23:24:37,956 - __main__ - INFO - Loading emotion detection model...
2025-05-08 23:24:38,588 - __main__ - INFO - Model loaded successfully
2025-05-08 23:24:43,264 - __main__ - INFO - Loading emotion detection model...
2025-05-08 23:24:43,843 - __main__ - INFO - Model loaded successfully
2025-05-08 23:27:05,753 - __main__ - DEBUG - Received face features request
2025-05-08 23:27:05,755 - __main__ - DEBUG - Processing base64 image
2025-05-08 23:27:06,314 - __main__ - DEBUG - Face landmarks detected
2025-05-08 23:27:06,314 - __main__ - DEBUG - Processed face points: {'Left Eye': {'x': 326, 'y': 348}, 'Right Eye': {'x': 431, 'y': 340}, 'Nose': {'x': 383, 'y': 391}, 'Mouth': {'x': 386, 'y': 424}, 'Left Ear': {'x': 296, 'y': 374}, 'Right Ear': {'x': 463, 'y': 364}, 'Chin': {'x': 388, 'y': 477}}
2025-05-08 23:27:06,430 - __main__ - DEBUG - Received face features request
2025-05-08 23:27:06,431 - __main__ - DEBUG - Processing base64 image
2025-05-08 23:27:06,438 - __main__ - DEBUG - Face landmarks detected
2025-05-08 23:27:06,439 - __main__ - DEBUG - Processed face points: {'Left Eye': {'x': 323, 'y': 346}, 'Right Eye': {'x': 438, 'y': 339}, 'Nose': {'x': 381, 'y': 392}, 'Mouth': {'x': 385, 'y': 422}, 'Left Ear': {'x': 303, 'y': 369}, 'Right Ear': {'x': 456, 'y': 374}, 'Chin': {'x': 380, 'y': 478}}
2025-05-08 23:27:06,551 - __main__ - DEBUG - Received face features request
2025-05-08 23:27:06,555 - __main__ - DEBUG - Processing base64 image
2025-05-08 23:27:06,566 - __main__ - DEBUG - Face landmarks detected
2025-05-08 23:27:06,567 - __main__ - DEBUG - Processed face points: {'Left Eye': {'x': 321, 'y': 344}, 'Right Eye': {'x': 431, 'y': 348}, 'Nose': {'x': 383, 'y': 382}, 'Mouth': {'x': 385, 'y': 417}, 'Left Ear': {'x': 294, 'y': 379}, 'Right Ear': {'x': 458, 'y': 368}, 'Chin': {'x': 385, 'y': 477}}
2025-05-08 23:27:06,680 - __main__ - DEBUG - Received face features request
2025-05-08 23:27:06,682 - __main__ - DEBUG - Processing base64 image
2025-05-08 23:27:06,693 - __main__ - DEBUG - Face landmarks detected
2025-05-08 23:27:06,694 - __main__ - DEBUG - Processed face points: {'Left Eye': {'x': 319, 'y': 347}, 'Right Eye': {'x': 434, 'y': 343}, 'Nose': {'x': 379, 'y': 387}, 'Mouth': {'x': 382, 'y': 419}, 'Left Ear': {'x': 296, 'y': 368}, 'Right Ear': {'x': 459, 'y': 371}, 'Chin': {'x': 379, 'y': 475}}
2025-05-08 23:27:06,807 - __main__ - DEBUG - Received face features request
2025-05-08 23:27:06,809 - __main__ - DEBUG - Processing base64 image
2025-05-08 23:27:06,817 - __main__ - DEBUG - Face landmarks detected
2025-05-08 23:27:06,818 - __main__ - DEBUG - Processed face points: {'Left Eye': {'x': 321, 'y': 348}, 'Right Eye': {'x': 438, 'y': 338}, 'Nose': {'x': 382, 'y': 383}, 'Mouth': {'x': 378, 'y': 417}, 'Left Ear': {'x': 301, 'y': 376}, 'Right Ear': {'x': 459, 'y': 373}, 'Chin': {'x': 386, 'y': 476}}
2025-05-08 23:27:06,934 - __main__ - DEBUG - Received face features request
2025-05-08 23:27:06,938 - __main__ - DEBUG - Processing base64 image
2025-05-08 23:27:06,947 - __main__ - DEBUG - Face landmarks detected
2025-05-08 23:27:06,948 - __main__ - DEBUG - Processed face points: {'Left Eye': {'x': 322, 'y': 345}, 'Right Eye': {'x': 436, 'y': 339}, 'Nose': {'x': 380, 'y': 389}, 'Mouth': {'x': 384, 'y': 426}, 'Left Ear': {'x': 300, 'y': 370}, 'Right Ear': {'x': 463, 'y': 374}, 'Chin': {'x': 385, 'y': 475}}
2025-05-08 23:27:07,073 - __main__ - DEBUG - Received face features request
2025-05-08 23:27:07,076 - __main__ - DEBUG - Processing base64 image
2025-05-08 23:27:07,088 - __main__ - DEBUG - Face landmarks detected
2025-05-08 23:27:07,090 - __main__ - DEBUG - Processed face points: {'Left Eye': {'x': 320, 'y': 340}, 'Right Eye': {'x': 429, 'y': 347}, 'Nose': {'x': 384, 'y': 390}, 'Mouth': {'x': 378, 'y': 423}, 'Left Ear': {'x': 295, 'y': 371}, 'Right Ear': {'x': 462, 'y': 370}, 'Chin': {'x': 378, 'y': 473}}
2025-05-08 23:27:07,278 - __main__ - DEBUG - Received face features request
2025-05-08 23:27:07,281 - __main__ - DEBUG - Processing base64 image
2025-05-08 23:27:07,296 - __main__ - DEBUG - Face landmarks detected
2025-05-08 23:27:07,297 - __main__ - DEBUG - Processed face points: {'Left Eye': {'x': 318, 'y': 341}, 'Right Eye': {'x': 430, 'y': 346}, 'Nose': {'x': 383, 'y': 388}, 'Mouth': {'x': 381, 'y': 427}, 'Left Ear': {'x': 294, 'y': 377}, 'Right Ear': {'x': 461, 'y': 372}, 'Chin': {'x': 385, 'y': 480}}
2025-05-08 23:27:07,431 - __main__ - DEBUG - Received face features request
2025-05-08 23:27:07,436 - __main__ - DEBUG - Processing base64 image
2025-05-08 23:27:07,452 - __main__ - DEBUG - Face landmarks detected
2025-05-08 23:27:07,453 - __main__ - DEBUG - Processed face points: {'Left Eye': {'x': 321, 'y': 342}, 'Right Eye': {'x': 437, 'y': 345}, 'Nose': {'x': 377, 'y': 394}, 'Mouth': {'x': 378, 'y': 424}, 'Left Ear': {'x': 303, 'y': 373}, 'Right Ear': {'x': 456, 'y': 370}, 'Chin': {'x': 380, 'y': 480}}
2025-05-08 23:27:07,584 - __main__ - DEBUG - Received face features request
2025-05-08 23:27:07,586 - __main__ - DEBUG - Processing base64 image
2025-05-08 23:27:07,598 - __main__ - DEBUG - Face landmarks detected
2025-05-08 23:27:07,600 - __main__ - DEBUG - Processed face points: {'Left Eye': {'x': 321, 'y': 348}, 'Right Eye': {'x': 430, 'y': 341}, 'Nose': {'x': 385, 'y': 395}, 'Mouth': {'x': 387, 'y': 430}, 'Left Ear': {'x': 293, 'y': 378}, 'Right Ear': {'x': 456, 'y': 374}, 'Chin': {'x': 383, 'y': 479}}
2025-05-08 23:27:07,727 - __main__ - DEBUG - Received face features request
2025-05-08 23:27:07,729 - __main__ - DEBUG - Processing base64 image
2025-05-08 23:27:07,742 - __main__ - DEBUG - Face landmarks detected
2025-05-08 23:27:07,743 - __main__ - DEBUG - Processed face points: {'Left Eye': {'x': 318, 'y': 343}, 'Right Eye': {'x': 437, 'y': 342}, 'Nose': {'x': 381, 'y': 395}, 'Mouth': {'x': 384, 'y': 427}, 'Left Ear': {'x': 302, 'y': 374}, 'Right Ear': {'x': 460, 'y': 369}, 'Chin': {'x': 386, 'y': 480}}
2025-05-08 23:27:07,868 - __main__ - DEBUG - Received face features request
2025-05-08 23:27:07,871 - __main__ - DEBUG - Processing base64 image
2025-05-08 23:27:07,883 - __main__ - DEBUG - Face landmarks detected
2025-05-08 23:27:07,884 - __main__ - DEBUG - Processed face points: {'Left Eye': {'x': 324, 'y': 349}, 'Right Eye': {'x': 437, 'y': 351}, 'Nose': {'x': 375, 'y': 391}, 'Mouth': {'x': 382, 'y': 426}, 'Left Ear': {'x': 299, 'y': 374}, 'Right Ear': {'x': 461, 'y': 370}, 'Chin': {'x': 388, 'y': 479}}
2025-05-08 23:27:08,003 - __main__ - DEBUG - Received face features request
2025-05-08 23:27:08,006 - __main__ - DEBUG - Processing base64 image
2025-05-08 23:27:08,016 - __main__ - DEBUG - Face landmarks detected
2025-05-08 23:27:08,017 - __main__ - DEBUG - Processed face points: {'Left Eye': {'x': 322, 'y': 344}, 'Right Eye': {'x': 431, 'y': 344}, 'Nose': {'x': 375, 'y': 395}, 'Mouth': {'x': 377, 'y': 423}, 'Left Ear': {'x': 297, 'y': 374}, 'Right Ear': {'x': 464, 'y': 370}, 'Chin': {'x': 378, 'y': 477}}
2025-05-08 23:27:08,138 - __main__ - DEBUG - Received face features request
2025-05-08 23:27:08,140 - __main__ - DEBUG - Processing base64 image
2025-05-08 23:27:08,150 - __main__ - DEBUG - Face landmarks detected
2025-05-08 23:27:08,152 - __main__ - DEBUG - Processed face points: {'Left Eye': {'x': 321, 'y': 344}, 'Right Eye': {'x': 434, 'y': 343}, 'Nose': {'x': 380, 'y': 395}, 'Mouth': {'x': 387, 'y': 424}, 'Left Ear': {'x': 296, 'y': 375}, 'Right Ear': {'x': 462, 'y': 367}, 'Chin': {'x': 380, 'y': 474}}
2025-05-08 23:27:08,273 - __main__ - DEBUG - Received face features request
2025-05-08 23:27:08,276 - __main__ - DEBUG - Processing base64 image
2025-05-08 23:27:08,287 - __main__ - DEBUG - Face landmarks detected
2025-05-08 23:27:08,288 - __main__ - DEBUG - Processed face points: {'Left Eye': {'x': 319, 'y': 345}, 'Right Eye': {'x': 431, 'y': 345}, 'Nose': {'x': 385, 'y': 385}, 'Mouth': {'x': 384, 'y': 421}, 'Left Ear': {'x': 292, 'y': 373}, 'Right Ear': {'x': 457, 'y': 368}, 'Chin': {'x': 379, 'y': 473}}
2025-05-08 23:27:08,409 - __main__ - DEBUG - Received face features request
2025-05-08 23:27:08,413 - __main__ - DEBUG - Processing base64 image
2025-05-08 23:27:08,425 - __main__ - DEBUG - Face landmarks detected
2025-05-08 23:27:08,426 - __main__ - DEBUG - Processed face points: {'Left Eye': {'x': 327, 'y': 348}, 'Right Eye': {'x': 433, 'y': 343}, 'Nose': {'x': 384, 'y': 386}, 'Mouth': {'x': 379, 'y': 418}, 'Left Ear': {'x': 293, 'y': 374}, 'Right Ear': {'x': 458, 'y': 364}, 'Chin': {'x': 378, 'y': 475}}
2025-05-08 23:27:08,544 - __main__ - DEBUG - Received face features request
2025-05-08 23:27:08,545 - __main__ - DEBUG - Processing base64 image
2025-05-08 23:27:08,552 - __main__ - DEBUG - Face landmarks detected
2025-05-08 23:27:08,553 - __main__ - DEBUG - Processed face points: {'Left Eye': {'x': 320, 'y': 350}, 'Right Eye': {'x': 436, 'y': 347}, 'Nose': {'x': 384, 'y': 389}, 'Mouth': {'x': 379, 'y': 419}, 'Left Ear': {'x': 293, 'y': 372}, 'Right Ear': {'x': 463, 'y': 372}, 'Chin': {'x': 385, 'y': 480}}
2025-05-08 23:27:08,673 - __main__ - DEBUG - Received face features request
2025-05-08 23:27:08,675 - __main__ - DEBUG - Processing base64 image
2025-05-08 23:27:08,686 - __main__ - DEBUG - Face landmarks detected
2025-05-08 23:27:08,687 - __main__ - DEBUG - Processed face points: {'Left Eye': {'x': 317, 'y': 348}, 'Right Eye': {'x': 433, 'y': 345}, 'Nose': {'x': 384, 'y': 387}, 'Mouth': {'x': 377, 'y': 415}, 'Left Ear': {'x': 298, 'y': 376}, 'Right Ear': {'x': 458, 'y': 367}, 'Chin': {'x': 383, 'y': 480}}
2025-05-08 23:27:08,806 - __main__ - DEBUG - Received face features request
2025-05-08 23:27:08,808 - __main__ - DEBUG - Processing base64 image
2025-05-08 23:27:08,816 - __main__ - DEBUG - Face landmarks detected
2025-05-08 23:27:08,817 - __main__ - DEBUG - Processed face points: {'Left Eye': {'x': 320, 'y': 349}, 'Right Eye': {'x': 432, 'y': 345}, 'Nose': {'x': 382, 'y': 390}, 'Mouth': {'x': 385, 'y': 424}, 'Left Ear': {'x': 293, 'y': 371}, 'Right Ear': {'x': 458, 'y': 365}, 'Chin': {'x': 377, 'y': 477}}
2025-05-08 23:27:08,938 - __main__ - DEBUG - Received face features request
2025-05-08 23:27:08,940 - __main__ - DEBUG - Processing base64 image
2025-05-08 23:27:08,952 - __main__ - DEBUG - Face landmarks detected
2025-05-08 23:27:08,953 - __main__ - DEBUG - Processed face points: {'Left Eye': {'x': 318, 'y': 343}, 'Right Eye': {'x': 432, 'y': 342}, 'Nose': {'x': 379, 'y': 382}, 'Mouth': {'x': 382, 'y': 416}, 'Left Ear': {'x': 300, 'y': 367}, 'Right Ear': {'x': 459, 'y': 365}, 'Chin': {'x': 384, 'y': 476}}
2025-05-08 23:27:09,084 - __main__ - DEBUG - Received face features request
2025-05-08 23:27:09,087 - __main__ - DEBUG - Processing base64 image
2025-05-08 23:27:09,097 - __main__ - DEBUG - Face landmarks detected
2025-05-08 23:27:09,098 - __main__ - DEBUG - Processed face points: {'Left Eye': {'x': 320, 'y': 338}, 'Right Eye': {'x': 433, 'y': 342}, 'Nose': {'x': 377, 'y': 387}, 'Mouth': {'x': 375, 'y': 424}, 'Left Ear': {'x': 298, 'y': 365}, 'Right Ear': {'x': 464, 'y': 367}, 'Chin': {'x': 377, 'y': 475}}
2025-05-08 23:27:09,216 - __main__ - DEBUG - Received face features request
2025-05-08 23:27:09,218 - __main__ - DEBUG - Processing base64 image
2025-05-08 23:27:09,228 - __main__ - DEBUG - Face landmarks detected
2025-05-08 23:27:09,230 - __main__ - DEBUG - Processed face points: {'Left Eye': {'x': 327, 'y': 343}, 'Right Eye': {'x': 436, 'y': 338}, 'Nose': {'x': 383, 'y': 390}, 'Mouth': {'x': 385, 'y': 423}, 'Left Ear': {'x': 302, 'y': 372}, 'Right Ear': {'x': 456, 'y': 366}, 'Chin': {'x': 378, 'y': 475}}
2025-05-08 23:27:09,350 - __main__ - DEBUG - Received face features request
2025-05-08 23:27:09,353 - __main__ - DEBUG - Processing base64 image
2025-05-08 23:27:09,363 - __main__ - DEBUG - Face landmarks detected
2025-05-08 23:27:09,364 - __main__ - DEBUG - Processed face points: {'Left Eye': {'x': 320, 'y': 341}, 'Right Eye': {'x': 439, 'y': 346}, 'Nose': {'x': 374, 'y': 392}, 'Mouth': {'x': 383, 'y': 416}, 'Left Ear': {'x': 296, 'y': 370}, 'Right Ear': {'x': 461, 'y': 370}, 'Chin': {'x': 380, 'y': 475}}
2025-05-08 23:27:09,480 - __main__ - DEBUG - Received face features request
2025-05-08 23:27:09,482 - __main__ - DEBUG - Processing base64 image
2025-05-08 23:27:09,491 - __main__ - DEBUG - Face landmarks detected
2025-05-08 23:27:09,491 - __main__ - DEBUG - Processed face points: {'Left Eye': {'x': 320, 'y': 349}, 'Right Eye': {'x': 439, 'y': 343}, 'Nose': {'x': 383, 'y': 386}, 'Mouth': {'x': 381, 'y': 423}, 'Left Ear': {'x': 300, 'y': 374}, 'Right Ear': {'x': 464, 'y': 373}, 'Chin': {'x': 387, 'y': 478}}
2025-05-08 23:27:09,608 - __main__ - DEBUG - Received face features request
2025-05-08 23:27:09,609 - __main__ - DEBUG - Processing base64 image
2025-05-08 23:27:09,616 - __main__ - DEBUG - Face landmarks detected
2025-05-08 23:27:09,617 - __main__ - DEBUG - Processed face points: {'Left Eye': {'x': 323, 'y': 349}, 'Right Eye': {'x': 440, 'y': 349}, 'Nose': {'x': 382, 'y': 393}, 'Mouth': {'x': 379, 'y': 418}, 'Left Ear': {'x': 297, 'y': 373}, 'Right Ear': {'x': 458, 'y': 365}, 'Chin': {'x': 385, 'y': 480}}
2025-05-08 23:27:09,738 - __main__ - DEBUG - Received face features request
2025-05-08 23:27:09,740 - __main__ - DEBUG - Processing base64 image
2025-05-08 23:27:09,750 - __main__ - DEBUG - Face landmarks detected
2025-05-08 23:27:09,751 - __main__ - DEBUG - Processed face points: {'Left Eye': {'x': 325, 'y': 342}, 'Right Eye': {'x': 432, 'y': 342}, 'Nose': {'x': 375, 'y': 390}, 'Mouth': {'x': 378, 'y': 421}, 'Left Ear': {'x': 294, 'y': 376}, 'Right Ear': {'x': 462, 'y': 368}, 'Chin': {'x': 383, 'y': 477}}
2025-05-08 23:27:09,869 - __main__ - DEBUG - Received face features request
2025-05-08 23:27:09,870 - __main__ - DEBUG - Processing base64 image
2025-05-08 23:27:09,876 - __main__ - DEBUG - Face landmarks detected
2025-05-08 23:27:09,876 - __main__ - DEBUG - Processed face points: {'Left Eye': {'x': 323, 'y': 352}, 'Right Eye': {'x': 430, 'y': 340}, 'Nose': {'x': 382, 'y': 389}, 'Mouth': {'x': 384, 'y': 425}, 'Left Ear': {'x': 298, 'y': 371}, 'Right Ear': {'x': 458, 'y': 374}, 'Chin': {'x': 388, 'y': 480}}
2025-05-08 23:27:10,003 - __main__ - DEBUG - Received face features request
2025-05-08 23:27:10,005 - __main__ - DEBUG - Processing base64 image
2025-05-08 23:27:10,015 - __main__ - DEBUG - Face landmarks detected
2025-05-08 23:27:10,016 - __main__ - DEBUG - Processed face points: {'Left Eye': {'x': 328, 'y': 353}, 'Right Eye': {'x': 432, 'y': 351}, 'Nose': {'x': 384, 'y': 397}, 'Mouth': {'x': 388, 'y': 420}, 'Left Ear': {'x': 303, 'y': 381}, 'Right Ear': {'x': 459, 'y': 368}, 'Chin': {'x': 380, 'y': 480}}
2025-05-08 23:27:10,137 - __main__ - DEBUG - Received face features request
2025-05-08 23:27:10,139 - __main__ - DEBUG - Processing base64 image
2025-05-08 23:27:10,149 - __main__ - DEBUG - Face landmarks detected
2025-05-08 23:27:10,150 - __main__ - DEBUG - Processed face points: {'Left Eye': {'x': 327, 'y': 356}, 'Right Eye': {'x': 433, 'y': 353}, 'Nose': {'x': 376, 'y': 388}, 'Mouth': {'x': 381, 'y': 431}, 'Left Ear': {'x': 303, 'y': 380}, 'Right Ear': {'x': 461, 'y': 372}, 'Chin': {'x': 389, 'y': 480}}
2025-05-08 23:27:10,272 - __main__ - DEBUG - Received face features request
2025-05-08 23:27:10,274 - __main__ - DEBUG - Processing base64 image
2025-05-08 23:27:10,283 - __main__ - DEBUG - Face landmarks detected
2025-05-08 23:27:10,284 - __main__ - DEBUG - Processed face points: {'Left Eye': {'x': 322, 'y': 353}, 'Right Eye': {'x': 431, 'y': 353}, 'Nose': {'x': 383, 'y': 396}, 'Mouth': {'x': 377, 'y': 423}, 'Left Ear': {'x': 303, 'y': 374}, 'Right Ear': {'x': 464, 'y': 377}, 'Chin': {'x': 390, 'y': 478}}
2025-05-08 23:27:10,407 - __main__ - DEBUG - Received face features request
2025-05-08 23:27:10,409 - __main__ - DEBUG - Processing base64 image
2025-05-08 23:27:10,420 - __main__ - DEBUG - Face landmarks detected
2025-05-08 23:27:10,421 - __main__ - DEBUG - Processed face points: {'Left Eye': {'x': 325, 'y': 354}, 'Right Eye': {'x': 433, 'y': 350}, 'Nose': {'x': 378, 'y': 391}, 'Mouth': {'x': 384, 'y': 425}, 'Left Ear': {'x': 295, 'y': 383}, 'Right Ear': {'x': 456, 'y': 378}, 'Chin': {'x': 384, 'y': 480}}
2025-05-08 23:27:10,541 - __main__ - DEBUG - Received face features request
2025-05-08 23:27:10,542 - __main__ - DEBUG - Processing base64 image
2025-05-08 23:27:10,551 - __main__ - DEBUG - Face landmarks detected
2025-05-08 23:27:10,552 - __main__ - DEBUG - Processed face points: {'Left Eye': {'x': 321, 'y': 343}, 'Right Eye': {'x': 438, 'y': 349}, 'Nose': {'x': 384, 'y': 396}, 'Mouth': {'x': 386, 'y': 423}, 'Left Ear': {'x': 298, 'y': 376}, 'Right Ear': {'x': 461, 'y': 373}, 'Chin': {'x': 386, 'y': 473}}
2025-05-08 23:27:10,671 - __main__ - DEBUG - Received face features request
2025-05-08 23:27:10,673 - __main__ - DEBUG - Processing base64 image
2025-05-08 23:27:10,680 - __main__ - DEBUG - Face landmarks detected
2025-05-08 23:27:10,680 - __main__ - DEBUG - Processed face points: {'Left Eye': {'x': 319, 'y': 350}, 'Right Eye': {'x': 439, 'y': 345}, 'Nose': {'x': 382, 'y': 390}, 'Mouth': {'x': 384, 'y': 423}, 'Left Ear': {'x': 292, 'y': 373}, 'Right Ear': {'x': 462, 'y': 369}, 'Chin': {'x': 387, 'y': 476}}
2025-05-08 23:27:10,806 - __main__ - DEBUG - Received face features request
2025-05-08 23:27:10,807 - __main__ - DEBUG - Processing base64 image
2025-05-08 23:27:10,817 - __main__ - DEBUG - Face landmarks detected
2025-05-08 23:27:10,818 - __main__ - DEBUG - Processed face points: {'Left Eye': {'x': 317, 'y': 347}, 'Right Eye': {'x': 433, 'y': 339}, 'Nose': {'x': 384, 'y': 395}, 'Mouth': {'x': 376, 'y': 427}, 'Left Ear': {'x': 293, 'y': 379}, 'Right Ear': {'x': 455, 'y': 372}, 'Chin': {'x': 387, 'y': 480}}
2025-05-08 23:27:10,956 - __main__ - DEBUG - Received face features request
2025-05-08 23:27:10,958 - __main__ - DEBUG - Processing base64 image
2025-05-08 23:27:10,970 - __main__ - DEBUG - Face landmarks detected
2025-05-08 23:27:10,971 - __main__ - DEBUG - Processed face points: {'Left Eye': {'x': 323, 'y': 341}, 'Right Eye': {'x': 433, 'y': 336}, 'Nose': {'x': 382, 'y': 391}, 'Mouth': {'x': 376, 'y': 420}, 'Left Ear': {'x': 294, 'y': 370}, 'Right Ear': {'x': 458, 'y': 367}, 'Chin': {'x': 387, 'y': 479}}
2025-05-08 23:27:11,104 - __main__ - DEBUG - Received face features request
2025-05-08 23:27:11,106 - __main__ - DEBUG - Processing base64 image
2025-05-08 23:27:11,115 - __main__ - DEBUG - Face landmarks detected
2025-05-08 23:27:11,116 - __main__ - DEBUG - Processed face points: {'Left Eye': {'x': 320, 'y': 347}, 'Right Eye': {'x': 433, 'y': 347}, 'Nose': {'x': 379, 'y': 391}, 'Mouth': {'x': 378, 'y': 417}, 'Left Ear': {'x': 292, 'y': 370}, 'Right Ear': {'x': 453, 'y': 373}, 'Chin': {'x': 382, 'y': 474}}
2025-05-08 23:27:11,236 - __main__ - DEBUG - Received face features request
2025-05-08 23:27:11,239 - __main__ - DEBUG - Processing base64 image
2025-05-08 23:27:11,249 - __main__ - DEBUG - Face landmarks detected
2025-05-08 23:27:11,250 - __main__ - DEBUG - Processed face points: {'Left Eye': {'x': 319, 'y': 344}, 'Right Eye': {'x': 431, 'y': 340}, 'Nose': {'x': 384, 'y': 383}, 'Mouth': {'x': 386, 'y': 417}, 'Left Ear': {'x': 293, 'y': 370}, 'Right Ear': {'x': 458, 'y': 365}, 'Chin': {'x': 388, 'y': 479}}
2025-05-08 23:27:11,388 - __main__ - DEBUG - Received face features request
2025-05-08 23:27:11,390 - __main__ - DEBUG - Processing base64 image
2025-05-08 23:27:11,399 - __main__ - DEBUG - Face landmarks detected
2025-05-08 23:27:11,400 - __main__ - DEBUG - Processed face points: {'Left Eye': {'x': 320, 'y': 350}, 'Right Eye': {'x': 432, 'y': 347}, 'Nose': {'x': 380, 'y': 384}, 'Mouth': {'x': 380, 'y': 422}, 'Left Ear': {'x': 300, 'y': 377}, 'Right Ear': {'x': 457, 'y': 372}, 'Chin': {'x': 384, 'y': 479}}
2025-05-08 23:27:11,537 - __main__ - DEBUG - Received face features request
2025-05-08 23:27:11,539 - __main__ - DEBUG - Processing base64 image
2025-05-08 23:27:11,550 - __main__ - DEBUG - Face landmarks detected
2025-05-08 23:27:11,551 - __main__ - DEBUG - Processed face points: {'Left Eye': {'x': 325, 'y': 341}, 'Right Eye': {'x': 433, 'y': 343}, 'Nose': {'x': 378, 'y': 381}, 'Mouth': {'x': 379, 'y': 423}, 'Left Ear': {'x': 292, 'y': 368}, 'Right Ear': {'x': 460, 'y': 366}, 'Chin': {'x': 382, 'y': 470}}
2025-05-08 23:27:11,685 - __main__ - DEBUG - Received face features request
2025-05-08 23:27:11,686 - __main__ - DEBUG - Processing base64 image
2025-05-08 23:27:11,692 - __main__ - DEBUG - Face landmarks detected
2025-05-08 23:27:11,693 - __main__ - DEBUG - Processed face points: {'Left Eye': {'x': 321, 'y': 349}, 'Right Eye': {'x': 436, 'y': 344}, 'Nose': {'x': 379, 'y': 389}, 'Mouth': {'x': 382, 'y': 424}, 'Left Ear': {'x': 291, 'y': 375}, 'Right Ear': {'x': 461, 'y': 363}, 'Chin': {'x': 380, 'y': 471}}
2025-05-08 23:27:11,816 - __main__ - DEBUG - Received face features request
2025-05-08 23:27:11,819 - __main__ - DEBUG - Processing base64 image
2025-05-08 23:27:11,828 - __main__ - DEBUG - Face landmarks detected
2025-05-08 23:27:11,829 - __main__ - DEBUG - Processed face points: {'Left Eye': {'x': 318, 'y': 343}, 'Right Eye': {'x': 438, 'y': 339}, 'Nose': {'x': 381, 'y': 388}, 'Mouth': {'x': 379, 'y': 417}, 'Left Ear': {'x': 294, 'y': 379}, 'Right Ear': {'x': 463, 'y': 368}, 'Chin': {'x': 388, 'y': 473}}
2025-05-08 23:27:11,954 - __main__ - DEBUG - Received face features request
2025-05-08 23:27:11,957 - __main__ - DEBUG - Processing base64 image
2025-05-08 23:27:11,969 - __main__ - DEBUG - Face landmarks detected
2025-05-08 23:27:11,970 - __main__ - DEBUG - Processed face points: {'Left Eye': {'x': 317, 'y': 348}, 'Right Eye': {'x': 437, 'y': 340}, 'Nose': {'x': 378, 'y': 383}, 'Mouth': {'x': 383, 'y': 426}, 'Left Ear': {'x': 295, 'y': 378}, 'Right Ear': {'x': 455, 'y': 364}, 'Chin': {'x': 379, 'y': 475}}
2025-05-08 23:27:12,086 - __main__ - DEBUG - Received face features request
2025-05-08 23:27:12,088 - __main__ - DEBUG - Processing base64 image
2025-05-08 23:27:12,098 - __main__ - DEBUG - Face landmarks detected
2025-05-08 23:27:12,099 - __main__ - DEBUG - Processed face points: {'Left Eye': {'x': 326, 'y': 353}, 'Right Eye': {'x': 438, 'y': 347}, 'Nose': {'x': 376, 'y': 386}, 'Mouth': {'x': 378, 'y': 423}, 'Left Ear': {'x': 297, 'y': 378}, 'Right Ear': {'x': 461, 'y': 367}, 'Chin': {'x': 379, 'y': 474}}
2025-05-08 23:27:12,213 - __main__ - DEBUG - Received face features request
2025-05-08 23:27:12,215 - __main__ - DEBUG - Processing base64 image
2025-05-08 23:27:12,225 - __main__ - DEBUG - Face landmarks detected
2025-05-08 23:27:12,226 - __main__ - DEBUG - Processed face points: {'Left Eye': {'x': 326, 'y': 344}, 'Right Eye': {'x': 440, 'y': 339}, 'Nose': {'x': 380, 'y': 393}, 'Mouth': {'x': 383, 'y': 427}, 'Left Ear': {'x': 295, 'y': 372}, 'Right Ear': {'x': 464, 'y': 372}, 'Chin': {'x': 385, 'y': 480}}
2025-05-08 23:27:12,342 - __main__ - DEBUG - Received face features request
2025-05-08 23:27:12,344 - __main__ - DEBUG - Processing base64 image
2025-05-08 23:27:12,354 - __main__ - DEBUG - Face landmarks detected
2025-05-08 23:27:12,355 - __main__ - DEBUG - Processed face points: {'Left Eye': {'x': 316, 'y': 343}, 'Right Eye': {'x': 429, 'y': 339}, 'Nose': {'x': 378, 'y': 390}, 'Mouth': {'x': 386, 'y': 428}, 'Left Ear': {'x': 297, 'y': 377}, 'Right Ear': {'x': 461, 'y': 370}, 'Chin': {'x': 381, 'y': 480}}
2025-05-08 23:27:12,470 - __main__ - DEBUG - Received face features request
2025-05-08 23:27:12,473 - __main__ - DEBUG - Processing base64 image
2025-05-08 23:27:12,482 - __main__ - DEBUG - Face landmarks detected
2025-05-08 23:27:12,483 - __main__ - DEBUG - Processed face points: {'Left Eye': {'x': 323, 'y': 344}, 'Right Eye': {'x': 433, 'y': 344}, 'Nose': {'x': 378, 'y': 388}, 'Mouth': {'x': 383, 'y': 425}, 'Left Ear': {'x': 295, 'y': 376}, 'Right Ear': {'x': 456, 'y': 372}, 'Chin': {'x': 389, 'y': 474}}
2025-05-08 23:27:12,601 - __main__ - DEBUG - Received face features request
2025-05-08 23:27:12,604 - __main__ - DEBUG - Processing base64 image
2025-05-08 23:27:12,614 - __main__ - DEBUG - Face landmarks detected
2025-05-08 23:27:12,615 - __main__ - DEBUG - Processed face points: {'Left Eye': {'x': 324, 'y': 342}, 'Right Eye': {'x': 439, 'y': 348}, 'Nose': {'x': 384, 'y': 390}, 'Mouth': {'x': 387, 'y': 428}, 'Left Ear': {'x': 294, 'y': 370}, 'Right Ear': {'x': 462, 'y': 364}, 'Chin': {'x': 386, 'y': 477}}
2025-05-08 23:27:12,735 - __main__ - DEBUG - Received face features request
2025-05-08 23:27:12,736 - __main__ - DEBUG - Processing base64 image
2025-05-08 23:27:12,742 - __main__ - DEBUG - Face landmarks detected
2025-05-08 23:27:12,742 - __main__ - DEBUG - Processed face points: {'Left Eye': {'x': 316, 'y': 342}, 'Right Eye': {'x': 432, 'y': 338}, 'Nose': {'x': 382, 'y': 396}, 'Mouth': {'x': 380, 'y': 419}, 'Left Ear': {'x': 299, 'y': 379}, 'Right Ear': {'x': 462, 'y': 369}, 'Chin': {'x': 382, 'y': 477}}
2025-05-08 23:27:12,861 - __main__ - DEBUG - Received face features request
2025-05-08 23:27:12,863 - __main__ - DEBUG - Processing base64 image
2025-05-08 23:27:12,874 - __main__ - DEBUG - Face landmarks detected
2025-05-08 23:27:12,875 - __main__ - DEBUG - Processed face points: {'Left Eye': {'x': 323, 'y': 344}, 'Right Eye': {'x': 436, 'y': 344}, 'Nose': {'x': 384, 'y': 396}, 'Mouth': {'x': 387, 'y': 428}, 'Left Ear': {'x': 298, 'y': 369}, 'Right Ear': {'x': 456, 'y': 367}, 'Chin': {'x': 379, 'y': 479}}
2025-05-08 23:27:12,993 - __main__ - DEBUG - Received face features request
2025-05-08 23:27:12,995 - __main__ - DEBUG - Processing base64 image
2025-05-08 23:27:13,009 - __main__ - DEBUG - Face landmarks detected
2025-05-08 23:27:13,010 - __main__ - DEBUG - Processed face points: {'Left Eye': {'x': 325, 'y': 349}, 'Right Eye': {'x': 431, 'y': 342}, 'Nose': {'x': 376, 'y': 390}, 'Mouth': {'x': 380, 'y': 418}, 'Left Ear': {'x': 300, 'y': 370}, 'Right Ear': {'x': 462, 'y': 362}, 'Chin': {'x': 383, 'y': 473}}
2025-05-08 23:27:13,130 - __main__ - DEBUG - Received face features request
2025-05-08 23:27:13,133 - __main__ - DEBUG - Processing base64 image
2025-05-08 23:27:13,143 - __main__ - DEBUG - Face landmarks detected
2025-05-08 23:27:13,144 - __main__ - DEBUG - Processed face points: {'Left Eye': {'x': 325, 'y': 345}, 'Right Eye': {'x': 434, 'y': 345}, 'Nose': {'x': 381, 'y': 392}, 'Mouth': {'x': 378, 'y': 417}, 'Left Ear': {'x': 301, 'y': 376}, 'Right Ear': {'x': 459, 'y': 365}, 'Chin': {'x': 386, 'y': 476}}
2025-05-08 23:27:13,269 - __main__ - DEBUG - Received face features request
2025-05-08 23:27:13,271 - __main__ - DEBUG - Processing base64 image
2025-05-08 23:27:13,281 - __main__ - DEBUG - Face landmarks detected
2025-05-08 23:27:13,282 - __main__ - DEBUG - Processed face points: {'Left Eye': {'x': 324, 'y': 347}, 'Right Eye': {'x': 435, 'y': 339}, 'Nose': {'x': 373, 'y': 387}, 'Mouth': {'x': 381, 'y': 416}, 'Left Ear': {'x': 294, 'y': 370}, 'Right Ear': {'x': 465, 'y': 369}, 'Chin': {'x': 380, 'y': 478}}
2025-05-08 23:27:13,404 - __main__ - DEBUG - Received face features request
2025-05-08 23:27:13,409 - __main__ - DEBUG - Processing base64 image
2025-05-08 23:27:13,424 - __main__ - DEBUG - Face landmarks detected
2025-05-08 23:27:13,425 - __main__ - DEBUG - Processed face points: {'Left Eye': {'x': 324, 'y': 347}, 'Right Eye': {'x': 432, 'y': 340}, 'Nose': {'x': 381, 'y': 393}, 'Mouth': {'x': 377, 'y': 417}, 'Left Ear': {'x': 296, 'y': 368}, 'Right Ear': {'x': 465, 'y': 362}, 'Chin': {'x': 385, 'y': 476}}
2025-05-08 23:27:13,543 - __main__ - DEBUG - Received face features request
2025-05-08 23:27:13,546 - __main__ - DEBUG - Processing base64 image
2025-05-08 23:27:13,554 - __main__ - DEBUG - Face landmarks detected
2025-05-08 23:27:13,555 - __main__ - DEBUG - Processed face points: {'Left Eye': {'x': 324, 'y': 346}, 'Right Eye': {'x': 433, 'y': 340}, 'Nose': {'x': 383, 'y': 384}, 'Mouth': {'x': 377, 'y': 424}, 'Left Ear': {'x': 298, 'y': 371}, 'Right Ear': {'x': 455, 'y': 361}, 'Chin': {'x': 382, 'y': 474}}
2025-05-08 23:27:13,674 - __main__ - DEBUG - Received face features request
2025-05-08 23:27:13,676 - __main__ - DEBUG - Processing base64 image
2025-05-08 23:27:13,686 - __main__ - DEBUG - Face landmarks detected
2025-05-08 23:27:13,687 - __main__ - DEBUG - Processed face points: {'Left Eye': {'x': 320, 'y': 338}, 'Right Eye': {'x': 428, 'y': 342}, 'Nose': {'x': 378, 'y': 386}, 'Mouth': {'x': 384, 'y': 415}, 'Left Ear': {'x': 296, 'y': 366}, 'Right Ear': {'x': 454, 'y': 368}, 'Chin': {'x': 388, 'y': 473}}
2025-05-08 23:27:13,804 - __main__ - DEBUG - Received face features request
2025-05-08 23:27:13,805 - __main__ - DEBUG - Processing base64 image
2025-05-08 23:27:13,811 - __main__ - DEBUG - Face landmarks detected
2025-05-08 23:27:13,812 - __main__ - DEBUG - Processed face points: {'Left Eye': {'x': 326, 'y': 341}, 'Right Eye': {'x': 430, 'y': 343}, 'Nose': {'x': 377, 'y': 383}, 'Mouth': {'x': 379, 'y': 421}, 'Left Ear': {'x': 296, 'y': 368}, 'Right Ear': {'x': 456, 'y': 368}, 'Chin': {'x': 387, 'y': 475}}
2025-05-08 23:27:13,936 - __main__ - DEBUG - Received face features request
2025-05-08 23:27:13,939 - __main__ - DEBUG - Processing base64 image
2025-05-08 23:27:13,948 - __main__ - DEBUG - Face landmarks detected
2025-05-08 23:27:13,949 - __main__ - DEBUG - Processed face points: {'Left Eye': {'x': 320, 'y': 350}, 'Right Eye': {'x': 432, 'y': 341}, 'Nose': {'x': 377, 'y': 381}, 'Mouth': {'x': 377, 'y': 422}, 'Left Ear': {'x': 292, 'y': 370}, 'Right Ear': {'x': 454, 'y': 363}, 'Chin': {'x': 382, 'y': 476}}
2025-05-08 23:27:14,066 - __main__ - DEBUG - Received face features request
2025-05-08 23:27:14,068 - __main__ - DEBUG - Processing base64 image
2025-05-08 23:27:14,078 - __main__ - DEBUG - Face landmarks detected
2025-05-08 23:27:14,079 - __main__ - DEBUG - Processed face points: {'Left Eye': {'x': 326, 'y': 350}, 'Right Eye': {'x': 426, 'y': 345}, 'Nose': {'x': 382, 'y': 383}, 'Mouth': {'x': 383, 'y': 424}, 'Left Ear': {'x': 295, 'y': 377}, 'Right Ear': {'x': 457, 'y': 364}, 'Chin': {'x': 380, 'y': 479}}
2025-05-08 23:27:14,198 - __main__ - DEBUG - Received face features request
2025-05-08 23:27:14,200 - __main__ - DEBUG - Processing base64 image
2025-05-08 23:27:14,209 - __main__ - DEBUG - Face landmarks detected
2025-05-08 23:27:14,210 - __main__ - DEBUG - Processed face points: {'Left Eye': {'x': 321, 'y': 342}, 'Right Eye': {'x': 432, 'y': 347}, 'Nose': {'x': 375, 'y': 385}, 'Mouth': {'x': 383, 'y': 422}, 'Left Ear': {'x': 293, 'y': 376}, 'Right Ear': {'x': 454, 'y': 367}, 'Chin': {'x': 385, 'y': 472}}
2025-05-08 23:27:14,328 - __main__ - DEBUG - Received face features request
2025-05-08 23:27:14,331 - __main__ - DEBUG - Processing base64 image
2025-05-08 23:27:14,342 - __main__ - DEBUG - Face landmarks detected
2025-05-08 23:27:14,343 - __main__ - DEBUG - Processed face points: {'Left Eye': {'x': 321, 'y': 346}, 'Right Eye': {'x': 431, 'y': 350}, 'Nose': {'x': 378, 'y': 394}, 'Mouth': {'x': 384, 'y': 426}, 'Left Ear': {'x': 293, 'y': 373}, 'Right Ear': {'x': 456, 'y': 373}, 'Chin': {'x': 387, 'y': 476}}
2025-05-08 23:27:14,466 - __main__ - DEBUG - Received face features request
2025-05-08 23:27:14,468 - __main__ - DEBUG - Processing base64 image
2025-05-08 23:27:14,478 - __main__ - DEBUG - Face landmarks detected
2025-05-08 23:27:14,479 - __main__ - DEBUG - Processed face points: {'Left Eye': {'x': 320, 'y': 346}, 'Right Eye': {'x': 437, 'y': 349}, 'Nose': {'x': 383, 'y': 388}, 'Mouth': {'x': 377, 'y': 423}, 'Left Ear': {'x': 299, 'y': 373}, 'Right Ear': {'x': 462, 'y': 368}, 'Chin': {'x': 381, 'y': 472}}
2025-05-08 23:27:14,600 - __main__ - DEBUG - Received face features request
2025-05-08 23:27:14,603 - __main__ - DEBUG - Processing base64 image
2025-05-08 23:27:14,612 - __main__ - DEBUG - Face landmarks detected
2025-05-08 23:27:14,613 - __main__ - DEBUG - Processed face points: {'Left Eye': {'x': 325, 'y': 355}, 'Right Eye': {'x': 436, 'y': 344}, 'Nose': {'x': 374, 'y': 389}, 'Mouth': {'x': 381, 'y': 428}, 'Left Ear': {'x': 293, 'y': 381}, 'Right Ear': {'x': 458, 'y': 375}, 'Chin': {'x': 385, 'y': 475}}
2025-05-08 23:27:14,737 - __main__ - DEBUG - Received face features request
2025-05-08 23:27:14,739 - __main__ - DEBUG - Processing base64 image
2025-05-08 23:27:14,749 - __main__ - DEBUG - Face landmarks detected
2025-05-08 23:27:14,750 - __main__ - DEBUG - Processed face points: {'Left Eye': {'x': 317, 'y': 350}, 'Right Eye': {'x': 430, 'y': 351}, 'Nose': {'x': 375, 'y': 390}, 'Mouth': {'x': 385, 'y': 424}, 'Left Ear': {'x': 296, 'y': 373}, 'Right Ear': {'x': 460, 'y': 375}, 'Chin': {'x': 381, 'y': 475}}
2025-05-08 23:27:14,869 - __main__ - DEBUG - Received face features request
2025-05-08 23:27:14,870 - __main__ - DEBUG - Processing base64 image
2025-05-08 23:27:14,876 - __main__ - DEBUG - Face landmarks detected
2025-05-08 23:27:14,876 - __main__ - DEBUG - Processed face points: {'Left Eye': {'x': 322, 'y': 356}, 'Right Eye': {'x': 434, 'y': 351}, 'Nose': {'x': 381, 'y': 392}, 'Mouth': {'x': 379, 'y': 425}, 'Left Ear': {'x': 295, 'y': 376}, 'Right Ear': {'x': 463, 'y': 375}, 'Chin': {'x': 383, 'y': 480}}
2025-05-08 23:27:15,000 - __main__ - DEBUG - Received face features request
2025-05-08 23:27:15,002 - __main__ - DEBUG - Processing base64 image
2025-05-08 23:27:15,011 - __main__ - DEBUG - Face landmarks detected
2025-05-08 23:27:15,012 - __main__ - DEBUG - Processed face points: {'Left Eye': {'x': 320, 'y': 356}, 'Right Eye': {'x': 429, 'y': 351}, 'Nose': {'x': 381, 'y': 393}, 'Mouth': {'x': 380, 'y': 422}, 'Left Ear': {'x': 299, 'y': 376}, 'Right Ear': {'x': 452, 'y': 371}, 'Chin': {'x': 382, 'y': 480}}
2025-05-08 23:27:15,128 - __main__ - DEBUG - Received face features request
2025-05-08 23:27:15,131 - __main__ - DEBUG - Processing base64 image
2025-05-08 23:27:15,140 - __main__ - DEBUG - Face landmarks detected
2025-05-08 23:27:15,141 - __main__ - DEBUG - Processed face points: {'Left Eye': {'x': 323, 'y': 350}, 'Right Eye': {'x': 433, 'y': 345}, 'Nose': {'x': 378, 'y': 397}, 'Mouth': {'x': 383, 'y': 424}, 'Left Ear': {'x': 300, 'y': 381}, 'Right Ear': {'x': 461, 'y': 376}, 'Chin': {'x': 387, 'y': 476}}
2025-05-08 23:27:15,258 - __main__ - DEBUG - Received face features request
2025-05-08 23:27:15,259 - __main__ - DEBUG - Processing base64 image
2025-05-08 23:27:15,270 - __main__ - DEBUG - Face landmarks detected
2025-05-08 23:27:15,271 - __main__ - DEBUG - Processed face points: {'Left Eye': {'x': 322, 'y': 345}, 'Right Eye': {'x': 432, 'y': 345}, 'Nose': {'x': 378, 'y': 388}, 'Mouth': {'x': 375, 'y': 423}, 'Left Ear': {'x': 294, 'y': 374}, 'Right Ear': {'x': 458, 'y': 366}, 'Chin': {'x': 377, 'y': 478}}
2025-05-08 23:27:15,389 - __main__ - DEBUG - Received face features request
2025-05-08 23:27:15,392 - __main__ - DEBUG - Processing base64 image
2025-05-08 23:27:15,402 - __main__ - DEBUG - Face landmarks detected
2025-05-08 23:27:15,403 - __main__ - DEBUG - Processed face points: {'Left Eye': {'x': 319, 'y': 349}, 'Right Eye': {'x': 432, 'y': 345}, 'Nose': {'x': 379, 'y': 395}, 'Mouth': {'x': 385, 'y': 422}, 'Left Ear': {'x': 299, 'y': 375}, 'Right Ear': {'x': 453, 'y': 370}, 'Chin': {'x': 378, 'y': 480}}
2025-05-08 23:27:15,517 - __main__ - DEBUG - Received face features request
2025-05-08 23:27:15,520 - __main__ - DEBUG - Processing base64 image
2025-05-08 23:27:15,530 - __main__ - DEBUG - Face landmarks detected
2025-05-08 23:27:15,531 - __main__ - DEBUG - Processed face points: {'Left Eye': {'x': 322, 'y': 348}, 'Right Eye': {'x': 436, 'y': 346}, 'Nose': {'x': 375, 'y': 384}, 'Mouth': {'x': 379, 'y': 417}, 'Left Ear': {'x': 292, 'y': 370}, 'Right Ear': {'x': 454, 'y': 363}, 'Chin': {'x': 382, 'y': 474}}
2025-05-08 23:27:15,649 - __main__ - DEBUG - Received face features request
2025-05-08 23:27:15,652 - __main__ - DEBUG - Processing base64 image
2025-05-08 23:27:15,661 - __main__ - DEBUG - Face landmarks detected
2025-05-08 23:27:15,662 - __main__ - DEBUG - Processed face points: {'Left Eye': {'x': 321, 'y': 349}, 'Right Eye': {'x': 437, 'y': 342}, 'Nose': {'x': 379, 'y': 390}, 'Mouth': {'x': 385, 'y': 422}, 'Left Ear': {'x': 300, 'y': 370}, 'Right Ear': {'x': 464, 'y': 372}, 'Chin': {'x': 385, 'y': 480}}
2025-05-08 23:27:15,775 - __main__ - DEBUG - Received face features request
2025-05-08 23:27:15,778 - __main__ - DEBUG - Processing base64 image
2025-05-08 23:27:15,787 - __main__ - DEBUG - Face landmarks detected
2025-05-08 23:27:15,787 - __main__ - DEBUG - Processed face points: {'Left Eye': {'x': 325, 'y': 342}, 'Right Eye': {'x': 431, 'y': 339}, 'Nose': {'x': 375, 'y': 390}, 'Mouth': {'x': 376, 'y': 421}, 'Left Ear': {'x': 296, 'y': 372}, 'Right Ear': {'x': 461, 'y': 364}, 'Chin': {'x': 382, 'y': 477}}
2025-05-08 23:27:15,904 - __main__ - DEBUG - Received face features request
2025-05-08 23:27:15,906 - __main__ - DEBUG - Processing base64 image
2025-05-08 23:27:15,911 - __main__ - DEBUG - Face landmarks detected
2025-05-08 23:27:15,912 - __main__ - DEBUG - Processed face points: {'Left Eye': {'x': 324, 'y': 343}, 'Right Eye': {'x': 433, 'y': 340}, 'Nose': {'x': 380, 'y': 382}, 'Mouth': {'x': 386, 'y': 416}, 'Left Ear': {'x': 294, 'y': 374}, 'Right Ear': {'x': 462, 'y': 367}, 'Chin': {'x': 379, 'y': 475}}
2025-05-08 23:27:16,029 - __main__ - DEBUG - Received face features request
2025-05-08 23:27:16,031 - __main__ - DEBUG - Processing base64 image
2025-05-08 23:27:16,040 - __main__ - DEBUG - Face landmarks detected
2025-05-08 23:27:16,041 - __main__ - DEBUG - Processed face points: {'Left Eye': {'x': 325, 'y': 342}, 'Right Eye': {'x': 436, 'y': 339}, 'Nose': {'x': 379, 'y': 384}, 'Mouth': {'x': 380, 'y': 421}, 'Left Ear': {'x': 300, 'y': 367}, 'Right Ear': {'x': 455, 'y': 358}, 'Chin': {'x': 381, 'y': 477}}
2025-05-08 23:27:16,156 - __main__ - DEBUG - Received face features request
2025-05-08 23:27:16,158 - __main__ - DEBUG - Processing base64 image
2025-05-08 23:27:16,168 - __main__ - DEBUG - Face landmarks detected
2025-05-08 23:27:16,169 - __main__ - DEBUG - Processed face points: {'Left Eye': {'x': 319, 'y': 336}, 'Right Eye': {'x': 437, 'y': 333}, 'Nose': {'x': 374, 'y': 387}, 'Mouth': {'x': 383, 'y': 416}, 'Left Ear': {'x': 294, 'y': 366}, 'Right Ear': {'x': 458, 'y': 365}, 'Chin': {'x': 378, 'y': 474}}
2025-05-08 23:27:16,284 - __main__ - DEBUG - Received face features request
2025-05-08 23:27:16,285 - __main__ - DEBUG - Processing base64 image
2025-05-08 23:27:16,295 - __main__ - DEBUG - Face landmarks detected
2025-05-08 23:27:16,296 - __main__ - DEBUG - Processed face points: {'Left Eye': {'x': 318, 'y': 336}, 'Right Eye': {'x': 433, 'y': 342}, 'Nose': {'x': 379, 'y': 390}, 'Mouth': {'x': 379, 'y': 420}, 'Left Ear': {'x': 300, 'y': 370}, 'Right Ear': {'x': 459, 'y': 359}, 'Chin': {'x': 380, 'y': 472}}
2025-05-08 23:27:16,411 - __main__ - DEBUG - Received face features request
2025-05-08 23:27:16,413 - __main__ - DEBUG - Processing base64 image
2025-05-08 23:27:16,421 - __main__ - DEBUG - Face landmarks detected
2025-05-08 23:27:16,422 - __main__ - DEBUG - Processed face points: {'Left Eye': {'x': 316, 'y': 342}, 'Right Eye': {'x': 433, 'y': 334}, 'Nose': {'x': 373, 'y': 385}, 'Mouth': {'x': 375, 'y': 421}, 'Left Ear': {'x': 291, 'y': 367}, 'Right Ear': {'x': 455, 'y': 363}, 'Chin': {'x': 384, 'y': 470}}
2025-05-08 23:27:16,536 - __main__ - DEBUG - Received face features request
2025-05-08 23:27:16,538 - __main__ - DEBUG - Processing base64 image
2025-05-08 23:27:16,549 - __main__ - DEBUG - Face landmarks detected
2025-05-08 23:27:16,550 - __main__ - DEBUG - Processed face points: {'Left Eye': {'x': 322, 'y': 345}, 'Right Eye': {'x': 429, 'y': 336}, 'Nose': {'x': 376, 'y': 391}, 'Mouth': {'x': 379, 'y': 418}, 'Left Ear': {'x': 292, 'y': 371}, 'Right Ear': {'x': 456, 'y': 361}, 'Chin': {'x': 382, 'y': 473}}
2025-05-08 23:27:16,672 - __main__ - DEBUG - Received face features request
2025-05-08 23:27:16,674 - __main__ - DEBUG - Processing base64 image
2025-05-08 23:27:16,684 - __main__ - DEBUG - Face landmarks detected
2025-05-08 23:27:16,685 - __main__ - DEBUG - Processed face points: {'Left Eye': {'x': 317, 'y': 347}, 'Right Eye': {'x': 433, 'y': 342}, 'Nose': {'x': 381, 'y': 384}, 'Mouth': {'x': 383, 'y': 419}, 'Left Ear': {'x': 299, 'y': 370}, 'Right Ear': {'x': 456, 'y': 362}, 'Chin': {'x': 383, 'y': 478}}
2025-05-08 23:27:16,804 - __main__ - DEBUG - Received face features request
2025-05-08 23:27:16,806 - __main__ - DEBUG - Processing base64 image
2025-05-08 23:27:16,816 - __main__ - DEBUG - Face landmarks detected
2025-05-08 23:27:16,816 - __main__ - DEBUG - Processed face points: {'Left Eye': {'x': 325, 'y': 343}, 'Right Eye': {'x': 438, 'y': 336}, 'Nose': {'x': 380, 'y': 392}, 'Mouth': {'x': 384, 'y': 422}, 'Left Ear': {'x': 301, 'y': 372}, 'Right Ear': {'x': 460, 'y': 368}, 'Chin': {'x': 387, 'y': 472}}
2025-05-08 23:27:16,935 - __main__ - DEBUG - Received face features request
2025-05-08 23:27:16,936 - __main__ - DEBUG - Processing base64 image
2025-05-08 23:27:16,942 - __main__ - DEBUG - Face landmarks detected
2025-05-08 23:27:16,942 - __main__ - DEBUG - Processed face points: {'Left Eye': {'x': 318, 'y': 348}, 'Right Eye': {'x': 431, 'y': 338}, 'Nose': {'x': 384, 'y': 387}, 'Mouth': {'x': 381, 'y': 422}, 'Left Ear': {'x': 302, 'y': 377}, 'Right Ear': {'x': 454, 'y': 361}, 'Chin': {'x': 382, 'y': 475}}
2025-05-08 23:27:17,059 - __main__ - DEBUG - Received face features request
2025-05-08 23:27:17,061 - __main__ - DEBUG - Processing base64 image
2025-05-08 23:27:17,072 - __main__ - DEBUG - Face landmarks detected
2025-05-08 23:27:17,074 - __main__ - DEBUG - Processed face points: {'Left Eye': {'x': 323, 'y': 347}, 'Right Eye': {'x': 433, 'y': 343}, 'Nose': {'x': 382, 'y': 386}, 'Mouth': {'x': 378, 'y': 420}, 'Left Ear': {'x': 293, 'y': 370}, 'Right Ear': {'x': 460, 'y': 367}, 'Chin': {'x': 382, 'y': 475}}
2025-05-08 23:27:17,193 - __main__ - DEBUG - Received face features request
2025-05-08 23:27:17,196 - __main__ - DEBUG - Processing base64 image
2025-05-08 23:27:17,208 - __main__ - DEBUG - Face landmarks detected
2025-05-08 23:27:17,209 - __main__ - DEBUG - Processed face points: {'Left Eye': {'x': 322, 'y': 346}, 'Right Eye': {'x': 436, 'y': 340}, 'Nose': {'x': 382, 'y': 397}, 'Mouth': {'x': 379, 'y': 420}, 'Left Ear': {'x': 292, 'y': 378}, 'Right Ear': {'x': 461, 'y': 372}, 'Chin': {'x': 388, 'y': 480}}
2025-05-08 23:27:17,327 - __main__ - DEBUG - Received face features request
2025-05-08 23:27:17,329 - __main__ - DEBUG - Processing base64 image
2025-05-08 23:27:17,341 - __main__ - DEBUG - Face landmarks detected
2025-05-08 23:27:17,342 - __main__ - DEBUG - Processed face points: {'Left Eye': {'x': 324, 'y': 348}, 'Right Eye': {'x': 434, 'y': 343}, 'Nose': {'x': 374, 'y': 391}, 'Mouth': {'x': 382, 'y': 425}, 'Left Ear': {'x': 302, 'y': 371}, 'Right Ear': {'x': 464, 'y': 371}, 'Chin': {'x': 384, 'y': 478}}
2025-05-08 23:27:17,458 - __main__ - DEBUG - Received face features request
2025-05-08 23:27:17,460 - __main__ - DEBUG - Processing base64 image
2025-05-08 23:27:17,474 - __main__ - DEBUG - Face landmarks detected
2025-05-08 23:27:17,475 - __main__ - DEBUG - Processed face points: {'Left Eye': {'x': 318, 'y': 344}, 'Right Eye': {'x': 434, 'y': 350}, 'Nose': {'x': 385, 'y': 397}, 'Mouth': {'x': 384, 'y': 423}, 'Left Ear': {'x': 301, 'y': 378}, 'Right Ear': {'x': 464, 'y': 365}, 'Chin': {'x': 381, 'y': 476}}
2025-05-08 23:27:17,595 - __main__ - DEBUG - Received face features request
2025-05-08 23:27:17,596 - __main__ - DEBUG - Processing base64 image
2025-05-08 23:27:17,606 - __main__ - DEBUG - Face landmarks detected
2025-05-08 23:27:17,607 - __main__ - DEBUG - Processed face points: {'Left Eye': {'x': 326, 'y': 345}, 'Right Eye': {'x': 431, 'y': 349}, 'Nose': {'x': 378, 'y': 390}, 'Mouth': {'x': 379, 'y': 423}, 'Left Ear': {'x': 299, 'y': 371}, 'Right Ear': {'x': 457, 'y': 374}, 'Chin': {'x': 382, 'y': 476}}
2025-05-08 23:27:17,723 - __main__ - DEBUG - Received face features request
2025-05-08 23:27:17,726 - __main__ - DEBUG - Processing base64 image
2025-05-08 23:27:17,735 - __main__ - DEBUG - Face landmarks detected
2025-05-08 23:27:17,736 - __main__ - DEBUG - Processed face points: {'Left Eye': {'x': 323, 'y': 345}, 'Right Eye': {'x': 433, 'y': 340}, 'Nose': {'x': 382, 'y': 385}, 'Mouth': {'x': 379, 'y': 422}, 'Left Ear': {'x': 293, 'y': 379}, 'Right Ear': {'x': 458, 'y': 370}, 'Chin': {'x': 379, 'y': 480}}
2025-05-08 23:27:17,854 - __main__ - DEBUG - Received face features request
2025-05-08 23:27:17,856 - __main__ - DEBUG - Processing base64 image
2025-05-08 23:27:17,866 - __main__ - DEBUG - Face landmarks detected
2025-05-08 23:27:17,867 - __main__ - DEBUG - Processed face points: {'Left Eye': {'x': 317, 'y': 344}, 'Right Eye': {'x': 436, 'y': 342}, 'Nose': {'x': 384, 'y': 394}, 'Mouth': {'x': 381, 'y': 419}, 'Left Ear': {'x': 294, 'y': 378}, 'Right Ear': {'x': 465, 'y': 371}, 'Chin': {'x': 385, 'y': 480}}
2025-05-08 23:27:17,988 - __main__ - DEBUG - Received face features request
2025-05-08 23:27:17,990 - __main__ - DEBUG - Processing base64 image
2025-05-08 23:27:17,996 - __main__ - DEBUG - Face landmarks detected
2025-05-08 23:27:17,996 - __main__ - DEBUG - Processed face points: {'Left Eye': {'x': 318, 'y': 346}, 'Right Eye': {'x': 430, 'y': 341}, 'Nose': {'x': 384, 'y': 382}, 'Mouth': {'x': 384, 'y': 416}, 'Left Ear': {'x': 301, 'y': 378}, 'Right Ear': {'x': 458, 'y': 364}, 'Chin': {'x': 381, 'y': 473}}
2025-05-08 23:27:18,122 - __main__ - DEBUG - Received face features request
2025-05-08 23:27:18,124 - __main__ - DEBUG - Processing base64 image
2025-05-08 23:27:18,134 - __main__ - DEBUG - Face landmarks detected
2025-05-08 23:27:18,135 - __main__ - DEBUG - Processed face points: {'Left Eye': {'x': 320, 'y': 345}, 'Right Eye': {'x': 438, 'y': 342}, 'Nose': {'x': 381, 'y': 388}, 'Mouth': {'x': 378, 'y': 420}, 'Left Ear': {'x': 298, 'y': 368}, 'Right Ear': {'x': 464, 'y': 366}, 'Chin': {'x': 382, 'y': 480}}
2025-05-08 23:27:18,255 - __main__ - DEBUG - Received face features request
2025-05-08 23:27:18,257 - __main__ - DEBUG - Processing base64 image
2025-05-08 23:27:18,267 - __main__ - DEBUG - Face landmarks detected
2025-05-08 23:27:18,268 - __main__ - DEBUG - Processed face points: {'Left Eye': {'x': 322, 'y': 343}, 'Right Eye': {'x': 431, 'y': 340}, 'Nose': {'x': 375, 'y': 382}, 'Mouth': {'x': 384, 'y': 415}, 'Left Ear': {'x': 296, 'y': 367}, 'Right Ear': {'x': 458, 'y': 371}, 'Chin': {'x': 388, 'y': 477}}
2025-05-08 23:27:18,385 - __main__ - DEBUG - Received face features request
2025-05-08 23:27:18,387 - __main__ - DEBUG - Processing base64 image
2025-05-08 23:27:18,396 - __main__ - DEBUG - Face landmarks detected
2025-05-08 23:27:18,397 - __main__ - DEBUG - Processed face points: {'Left Eye': {'x': 320, 'y': 341}, 'Right Eye': {'x': 431, 'y': 340}, 'Nose': {'x': 381, 'y': 387}, 'Mouth': {'x': 382, 'y': 421}, 'Left Ear': {'x': 297, 'y': 372}, 'Right Ear': {'x': 463, 'y': 367}, 'Chin': {'x': 383, 'y': 478}}
2025-05-08 23:27:18,520 - __main__ - DEBUG - Received face features request
2025-05-08 23:27:18,522 - __main__ - DEBUG - Processing base64 image
2025-05-08 23:27:18,532 - __main__ - DEBUG - Face landmarks detected
2025-05-08 23:27:18,533 - __main__ - DEBUG - Processed face points: {'Left Eye': {'x': 326, 'y': 346}, 'Right Eye': {'x': 429, 'y': 339}, 'Nose': {'x': 384, 'y': 381}, 'Mouth': {'x': 375, 'y': 422}, 'Left Ear': {'x': 294, 'y': 369}, 'Right Ear': {'x': 457, 'y': 365}, 'Chin': {'x': 377, 'y': 470}}
2025-05-08 23:27:18,653 - __main__ - DEBUG - Received face features request
2025-05-08 23:27:18,654 - __main__ - DEBUG - Processing base64 image
2025-05-08 23:27:18,664 - __main__ - DEBUG - Face landmarks detected
2025-05-08 23:27:18,665 - __main__ - DEBUG - Processed face points: {'Left Eye': {'x': 316, 'y': 341}, 'Right Eye': {'x': 430, 'y': 340}, 'Nose': {'x': 383, 'y': 382}, 'Mouth': {'x': 385, 'y': 421}, 'Left Ear': {'x': 301, 'y': 373}, 'Right Ear': {'x': 461, 'y': 367}, 'Chin': {'x': 379, 'y': 470}}
2025-05-08 23:27:18,786 - __main__ - DEBUG - Received face features request
2025-05-08 23:27:18,788 - __main__ - DEBUG - Processing base64 image
2025-05-08 23:27:18,798 - __main__ - DEBUG - Face landmarks detected
2025-05-08 23:27:18,799 - __main__ - DEBUG - Processed face points: {'Left Eye': {'x': 319, 'y': 344}, 'Right Eye': {'x': 429, 'y': 340}, 'Nose': {'x': 379, 'y': 384}, 'Mouth': {'x': 381, 'y': 415}, 'Left Ear': {'x': 291, 'y': 374}, 'Right Ear': {'x': 456, 'y': 365}, 'Chin': {'x': 387, 'y': 477}}
2025-05-08 23:27:18,919 - __main__ - DEBUG - Received face features request
2025-05-08 23:27:18,921 - __main__ - DEBUG - Processing base64 image
2025-05-08 23:27:18,931 - __main__ - DEBUG - Face landmarks detected
2025-05-08 23:27:18,932 - __main__ - DEBUG - Processed face points: {'Left Eye': {'x': 318, 'y': 342}, 'Right Eye': {'x': 434, 'y': 343}, 'Nose': {'x': 374, 'y': 387}, 'Mouth': {'x': 384, 'y': 417}, 'Left Ear': {'x': 296, 'y': 371}, 'Right Ear': {'x': 460, 'y': 373}, 'Chin': {'x': 385, 'y': 480}}
2025-05-08 23:27:19,050 - __main__ - DEBUG - Received face features request
2025-05-08 23:27:19,051 - __main__ - DEBUG - Processing base64 image
2025-05-08 23:27:19,057 - __main__ - DEBUG - Face landmarks detected
2025-05-08 23:27:19,057 - __main__ - DEBUG - Processed face points: {'Left Eye': {'x': 322, 'y': 344}, 'Right Eye': {'x': 436, 'y': 346}, 'Nose': {'x': 384, 'y': 390}, 'Mouth': {'x': 384, 'y': 418}, 'Left Ear': {'x': 300, 'y': 377}, 'Right Ear': {'x': 460, 'y': 367}, 'Chin': {'x': 383, 'y': 479}}
2025-05-08 23:27:19,174 - __main__ - DEBUG - Received face features request
2025-05-08 23:27:19,176 - __main__ - DEBUG - Processing base64 image
2025-05-08 23:27:19,188 - __main__ - DEBUG - Face landmarks detected
2025-05-08 23:27:19,188 - __main__ - DEBUG - Processed face points: {'Left Eye': {'x': 319, 'y': 343}, 'Right Eye': {'x': 436, 'y': 343}, 'Nose': {'x': 377, 'y': 395}, 'Mouth': {'x': 386, 'y': 424}, 'Left Ear': {'x': 300, 'y': 378}, 'Right Ear': {'x': 464, 'y': 375}, 'Chin': {'x': 387, 'y': 480}}
2025-05-08 23:27:19,307 - __main__ - DEBUG - Received face features request
2025-05-08 23:27:19,309 - __main__ - DEBUG - Processing base64 image
2025-05-08 23:27:19,318 - __main__ - DEBUG - Face landmarks detected
2025-05-08 23:27:19,318 - __main__ - DEBUG - Processed face points: {'Left Eye': {'x': 320, 'y': 350}, 'Right Eye': {'x': 437, 'y': 345}, 'Nose': {'x': 385, 'y': 392}, 'Mouth': {'x': 386, 'y': 427}, 'Left Ear': {'x': 295, 'y': 370}, 'Right Ear': {'x': 466, 'y': 372}, 'Chin': {'x': 386, 'y': 474}}
2025-05-08 23:27:19,434 - __main__ - DEBUG - Received face features request
2025-05-08 23:27:19,436 - __main__ - DEBUG - Processing base64 image
2025-05-08 23:27:19,446 - __main__ - DEBUG - Face landmarks detected
2025-05-08 23:27:19,446 - __main__ - DEBUG - Processed face points: {'Left Eye': {'x': 325, 'y': 345}, 'Right Eye': {'x': 432, 'y': 344}, 'Nose': {'x': 376, 'y': 392}, 'Mouth': {'x': 384, 'y': 427}, 'Left Ear': {'x': 303, 'y': 379}, 'Right Ear': {'x': 456, 'y': 368}, 'Chin': {'x': 387, 'y': 479}}
2025-05-08 23:27:19,570 - __main__ - DEBUG - Received face features request
2025-05-08 23:27:19,573 - __main__ - DEBUG - Processing base64 image
2025-05-08 23:27:19,582 - __main__ - DEBUG - Face landmarks detected
2025-05-08 23:27:19,583 - __main__ - DEBUG - Processed face points: {'Left Eye': {'x': 325, 'y': 348}, 'Right Eye': {'x': 434, 'y': 348}, 'Nose': {'x': 382, 'y': 393}, 'Mouth': {'x': 380, 'y': 425}, 'Left Ear': {'x': 297, 'y': 370}, 'Right Ear': {'x': 461, 'y': 377}, 'Chin': {'x': 379, 'y': 480}}
2025-05-08 23:27:19,702 - __main__ - DEBUG - Received face features request
2025-05-08 23:27:19,704 - __main__ - DEBUG - Processing base64 image
2025-05-08 23:27:19,714 - __main__ - DEBUG - Face landmarks detected
2025-05-08 23:27:19,715 - __main__ - DEBUG - Processed face points: {'Left Eye': {'x': 326, 'y': 346}, 'Right Eye': {'x': 441, 'y': 346}, 'Nose': {'x': 378, 'y': 390}, 'Mouth': {'x': 379, 'y': 421}, 'Left Ear': {'x': 294, 'y': 374}, 'Right Ear': {'x': 462, 'y': 368}, 'Chin': {'x': 382, 'y': 480}}
2025-05-08 23:27:19,839 - __main__ - DEBUG - Received face features request
2025-05-08 23:27:19,840 - __main__ - DEBUG - Processing base64 image
2025-05-08 23:27:19,846 - __main__ - DEBUG - Face landmarks detected
2025-05-08 23:27:19,846 - __main__ - DEBUG - Processed face points: {'Left Eye': {'x': 318, 'y': 345}, 'Right Eye': {'x': 439, 'y': 343}, 'Nose': {'x': 376, 'y': 392}, 'Mouth': {'x': 385, 'y': 427}, 'Left Ear': {'x': 295, 'y': 371}, 'Right Ear': {'x': 465, 'y': 376}, 'Chin': {'x': 382, 'y': 474}}
2025-05-08 23:27:19,974 - __main__ - DEBUG - Received face features request
2025-05-08 23:27:19,975 - __main__ - DEBUG - Processing base64 image
2025-05-08 23:27:19,985 - __main__ - DEBUG - Face landmarks detected
2025-05-08 23:27:19,986 - __main__ - DEBUG - Processed face points: {'Left Eye': {'x': 317, 'y': 344}, 'Right Eye': {'x': 439, 'y': 346}, 'Nose': {'x': 378, 'y': 386}, 'Mouth': {'x': 384, 'y': 420}, 'Left Ear': {'x': 300, 'y': 372}, 'Right Ear': {'x': 460, 'y': 365}, 'Chin': {'x': 381, 'y': 480}}
2025-05-08 23:27:20,106 - __main__ - DEBUG - Received face features request
2025-05-08 23:27:20,107 - __main__ - DEBUG - Processing base64 image
2025-05-08 23:27:20,113 - __main__ - DEBUG - Face landmarks detected
2025-05-08 23:27:20,114 - __main__ - DEBUG - Processed face points: {'Left Eye': {'x': 317, 'y': 350}, 'Right Eye': {'x': 432, 'y': 347}, 'Nose': {'x': 380, 'y': 387}, 'Mouth': {'x': 380, 'y': 426}, 'Left Ear': {'x': 301, 'y': 373}, 'Right Ear': {'x': 460, 'y': 368}, 'Chin': {'x': 383, 'y': 477}}
2025-05-08 23:27:20,239 - __main__ - DEBUG - Received face features request
2025-05-08 23:27:20,242 - __main__ - DEBUG - Processing base64 image
2025-05-08 23:27:20,252 - __main__ - DEBUG - Face landmarks detected
2025-05-08 23:27:20,253 - __main__ - DEBUG - Processed face points: {'Left Eye': {'x': 327, 'y': 341}, 'Right Eye': {'x': 438, 'y': 346}, 'Nose': {'x': 382, 'y': 390}, 'Mouth': {'x': 385, 'y': 422}, 'Left Ear': {'x': 293, 'y': 371}, 'Right Ear': {'x': 462, 'y': 372}, 'Chin': {'x': 387, 'y': 480}}
2025-05-08 23:27:20,375 - __main__ - DEBUG - Received face features request
2025-05-08 23:27:20,378 - __main__ - DEBUG - Processing base64 image
2025-05-08 23:27:20,388 - __main__ - DEBUG - Face landmarks detected
2025-05-08 23:27:20,389 - __main__ - DEBUG - Processed face points: {'Left Eye': {'x': 321, 'y': 344}, 'Right Eye': {'x': 436, 'y': 343}, 'Nose': {'x': 377, 'y': 392}, 'Mouth': {'x': 381, 'y': 424}, 'Left Ear': {'x': 299, 'y': 375}, 'Right Ear': {'x': 462, 'y': 366}, 'Chin': {'x': 378, 'y': 479}}
2025-05-08 23:27:20,509 - __main__ - DEBUG - Received face features request
2025-05-08 23:27:20,511 - __main__ - DEBUG - Processing base64 image
2025-05-08 23:27:20,522 - __main__ - DEBUG - Face landmarks detected
2025-05-08 23:27:20,523 - __main__ - DEBUG - Processed face points: {'Left Eye': {'x': 317, 'y': 344}, 'Right Eye': {'x': 431, 'y': 338}, 'Nose': {'x': 383, 'y': 391}, 'Mouth': {'x': 385, 'y': 421}, 'Left Ear': {'x': 294, 'y': 373}, 'Right Ear': {'x': 463, 'y': 373}, 'Chin': {'x': 382, 'y': 477}}
2025-05-08 23:27:20,640 - __main__ - DEBUG - Received face features request
2025-05-08 23:27:20,643 - __main__ - DEBUG - Processing base64 image
2025-05-08 23:27:20,652 - __main__ - DEBUG - Face landmarks detected
2025-05-08 23:27:20,653 - __main__ - DEBUG - Processed face points: {'Left Eye': {'x': 320, 'y': 343}, 'Right Eye': {'x': 434, 'y': 340}, 'Nose': {'x': 374, 'y': 392}, 'Mouth': {'x': 377, 'y': 422}, 'Left Ear': {'x': 291, 'y': 373}, 'Right Ear': {'x': 458, 'y': 371}, 'Chin': {'x': 384, 'y': 474}}
2025-05-08 23:27:20,777 - __main__ - DEBUG - Received face features request
2025-05-08 23:27:20,780 - __main__ - DEBUG - Processing base64 image
2025-05-08 23:27:20,791 - __main__ - DEBUG - Face landmarks detected
2025-05-08 23:27:20,792 - __main__ - DEBUG - Processed face points: {'Left Eye': {'x': 318, 'y': 341}, 'Right Eye': {'x': 430, 'y': 342}, 'Nose': {'x': 382, 'y': 381}, 'Mouth': {'x': 386, 'y': 419}, 'Left Ear': {'x': 297, 'y': 369}, 'Right Ear': {'x': 463, 'y': 374}, 'Chin': {'x': 379, 'y': 476}}
2025-05-08 23:27:20,910 - __main__ - DEBUG - Received face features request
2025-05-08 23:27:20,912 - __main__ - DEBUG - Processing base64 image
2025-05-08 23:27:20,924 - __main__ - DEBUG - Face landmarks detected
2025-05-08 23:27:20,925 - __main__ - DEBUG - Processed face points: {'Left Eye': {'x': 326, 'y': 349}, 'Right Eye': {'x': 427, 'y': 347}, 'Nose': {'x': 375, 'y': 386}, 'Mouth': {'x': 377, 'y': 419}, 'Left Ear': {'x': 296, 'y': 368}, 'Right Ear': {'x': 463, 'y': 365}, 'Chin': {'x': 383, 'y': 470}}
2025-05-08 23:27:21,042 - __main__ - DEBUG - Received face features request
2025-05-08 23:27:21,044 - __main__ - DEBUG - Processing base64 image
2025-05-08 23:27:21,055 - __main__ - DEBUG - Face landmarks detected
2025-05-08 23:27:21,056 - __main__ - DEBUG - Processed face points: {'Left Eye': {'x': 322, 'y': 350}, 'Right Eye': {'x': 437, 'y': 344}, 'Nose': {'x': 378, 'y': 384}, 'Mouth': {'x': 383, 'y': 415}, 'Left Ear': {'x': 295, 'y': 370}, 'Right Ear': {'x': 462, 'y': 368}, 'Chin': {'x': 378, 'y': 476}}
2025-05-08 23:27:21,175 - __main__ - DEBUG - Received face features request
2025-05-08 23:27:21,176 - __main__ - DEBUG - Processing base64 image
2025-05-08 23:27:21,182 - __main__ - DEBUG - Face landmarks detected
2025-05-08 23:27:21,182 - __main__ - DEBUG - Processed face points: {'Left Eye': {'x': 326, 'y': 346}, 'Right Eye': {'x': 436, 'y': 341}, 'Nose': {'x': 376, 'y': 388}, 'Mouth': {'x': 378, 'y': 417}, 'Left Ear': {'x': 294, 'y': 369}, 'Right Ear': {'x': 458, 'y': 373}, 'Chin': {'x': 382, 'y': 480}}
2025-05-08 23:27:21,308 - __main__ - DEBUG - Received face features request
2025-05-08 23:27:21,311 - __main__ - DEBUG - Processing base64 image
2025-05-08 23:27:21,328 - __main__ - DEBUG - Face landmarks detected
2025-05-08 23:27:21,329 - __main__ - DEBUG - Processed face points: {'Left Eye': {'x': 318, 'y': 350}, 'Right Eye': {'x': 429, 'y': 348}, 'Nose': {'x': 381, 'y': 385}, 'Mouth': {'x': 378, 'y': 422}, 'Left Ear': {'x': 299, 'y': 371}, 'Right Ear': {'x': 455, 'y': 363}, 'Chin': {'x': 382, 'y': 477}}
2025-05-08 23:27:21,445 - __main__ - DEBUG - Received face features request
2025-05-08 23:27:21,448 - __main__ - DEBUG - Processing base64 image
2025-05-08 23:27:21,457 - __main__ - DEBUG - Face landmarks detected
2025-05-08 23:27:21,458 - __main__ - DEBUG - Processed face points: {'Left Eye': {'x': 322, 'y': 341}, 'Right Eye': {'x': 430, 'y': 339}, 'Nose': {'x': 382, 'y': 383}, 'Mouth': {'x': 378, 'y': 418}, 'Left Ear': {'x': 302, 'y': 377}, 'Right Ear': {'x': 456, 'y': 366}, 'Chin': {'x': 383, 'y': 474}}
2025-05-08 23:27:21,576 - __main__ - DEBUG - Received face features request
2025-05-08 23:27:21,578 - __main__ - DEBUG - Processing base64 image
2025-05-08 23:27:21,588 - __main__ - DEBUG - Face landmarks detected
2025-05-08 23:27:21,589 - __main__ - DEBUG - Processed face points: {'Left Eye': {'x': 321, 'y': 345}, 'Right Eye': {'x': 439, 'y': 342}, 'Nose': {'x': 378, 'y': 391}, 'Mouth': {'x': 384, 'y': 420}, 'Left Ear': {'x': 295, 'y': 379}, 'Right Ear': {'x': 456, 'y': 375}, 'Chin': {'x': 379, 'y': 476}}
2025-05-08 23:27:21,705 - __main__ - DEBUG - Received face features request
2025-05-08 23:27:21,707 - __main__ - DEBUG - Processing base64 image
2025-05-08 23:27:21,716 - __main__ - DEBUG - Face landmarks detected
2025-05-08 23:27:21,717 - __main__ - DEBUG - Processed face points: {'Left Eye': {'x': 323, 'y': 353}, 'Right Eye': {'x': 433, 'y': 348}, 'Nose': {'x': 377, 'y': 385}, 'Mouth': {'x': 386, 'y': 418}, 'Left Ear': {'x': 302, 'y': 372}, 'Right Ear': {'x': 454, 'y': 372}, 'Chin': {'x': 386, 'y': 480}}
2025-05-08 23:27:21,841 - __main__ - DEBUG - Received face features request
2025-05-08 23:27:21,843 - __main__ - DEBUG - Processing base64 image
2025-05-08 23:27:21,855 - __main__ - DEBUG - Face landmarks detected
2025-05-08 23:27:21,856 - __main__ - DEBUG - Processed face points: {'Left Eye': {'x': 323, 'y': 351}, 'Right Eye': {'x': 431, 'y': 353}, 'Nose': {'x': 381, 'y': 389}, 'Mouth': {'x': 386, 'y': 419}, 'Left Ear': {'x': 298, 'y': 381}, 'Right Ear': {'x': 457, 'y': 376}, 'Chin': {'x': 389, 'y': 480}}
2025-05-08 23:27:21,974 - __main__ - DEBUG - Received face features request
2025-05-08 23:27:21,976 - __main__ - DEBUG - Processing base64 image
2025-05-08 23:27:21,989 - __main__ - DEBUG - Face landmarks detected
2025-05-08 23:27:21,990 - __main__ - DEBUG - Processed face points: {'Left Eye': {'x': 321, 'y': 350}, 'Right Eye': {'x': 431, 'y': 354}, 'Nose': {'x': 379, 'y': 390}, 'Mouth': {'x': 378, 'y': 422}, 'Left Ear': {'x': 294, 'y': 375}, 'Right Ear': {'x': 462, 'y': 371}, 'Chin': {'x': 383, 'y': 480}}
2025-05-08 23:27:22,123 - __main__ - DEBUG - Received face features request
2025-05-08 23:27:22,125 - __main__ - DEBUG - Processing base64 image
2025-05-08 23:27:22,136 - __main__ - DEBUG - Face landmarks detected
2025-05-08 23:27:22,137 - __main__ - DEBUG - Processed face points: {'Left Eye': {'x': 328, 'y': 353}, 'Right Eye': {'x': 437, 'y': 353}, 'Nose': {'x': 378, 'y': 395}, 'Mouth': {'x': 382, 'y': 428}, 'Left Ear': {'x': 301, 'y': 378}, 'Right Ear': {'x': 457, 'y': 373}, 'Chin': {'x': 382, 'y': 478}}
2025-05-08 23:27:22,294 - __main__ - DEBUG - Received face features request
2025-05-08 23:27:22,299 - __main__ - DEBUG - Processing base64 image
2025-05-08 23:27:22,325 - __main__ - DEBUG - Face landmarks detected
2025-05-08 23:27:22,326 - __main__ - DEBUG - Processed face points: {'Left Eye': {'x': 321, 'y': 349}, 'Right Eye': {'x': 432, 'y': 343}, 'Nose': {'x': 375, 'y': 393}, 'Mouth': {'x': 377, 'y': 422}, 'Left Ear': {'x': 300, 'y': 377}, 'Right Ear': {'x': 455, 'y': 375}, 'Chin': {'x': 388, 'y': 480}}
2025-05-08 23:27:22,450 - __main__ - DEBUG - Received face features request
2025-05-08 23:27:22,453 - __main__ - DEBUG - Processing base64 image
2025-05-08 23:27:22,463 - __main__ - DEBUG - Face landmarks detected
2025-05-08 23:27:22,464 - __main__ - DEBUG - Processed face points: {'Left Eye': {'x': 319, 'y': 348}, 'Right Eye': {'x': 434, 'y': 344}, 'Nose': {'x': 377, 'y': 389}, 'Mouth': {'x': 379, 'y': 430}, 'Left Ear': {'x': 300, 'y': 377}, 'Right Ear': {'x': 459, 'y': 374}, 'Chin': {'x': 381, 'y': 480}}
2025-05-08 23:27:22,586 - __main__ - DEBUG - Received face features request
2025-05-08 23:27:22,588 - __main__ - DEBUG - Processing base64 image
2025-05-08 23:27:22,596 - __main__ - DEBUG - Face landmarks detected
2025-05-08 23:27:22,597 - __main__ - DEBUG - Processed face points: {'Left Eye': {'x': 326, 'y': 348}, 'Right Eye': {'x': 435, 'y': 351}, 'Nose': {'x': 377, 'y': 394}, 'Mouth': {'x': 382, 'y': 428}, 'Left Ear': {'x': 294, 'y': 381}, 'Right Ear': {'x': 456, 'y': 373}, 'Chin': {'x': 386, 'y': 476}}
2025-05-08 23:27:22,723 - __main__ - DEBUG - Received face features request
2025-05-08 23:27:22,725 - __main__ - DEBUG - Processing base64 image
2025-05-08 23:27:22,736 - __main__ - DEBUG - Face landmarks detected
2025-05-08 23:27:22,737 - __main__ - DEBUG - Processed face points: {'Left Eye': {'x': 322, 'y': 354}, 'Right Eye': {'x': 433, 'y': 348}, 'Nose': {'x': 380, 'y': 385}, 'Mouth': {'x': 382, 'y': 420}, 'Left Ear': {'x': 292, 'y': 377}, 'Right Ear': {'x': 455, 'y': 366}, 'Chin': {'x': 380, 'y': 477}}
2025-05-08 23:27:22,856 - __main__ - DEBUG - Received face features request
2025-05-08 23:27:22,858 - __main__ - DEBUG - Processing base64 image
2025-05-08 23:27:22,868 - __main__ - DEBUG - Face landmarks detected
2025-05-08 23:27:22,869 - __main__ - DEBUG - Processed face points: {'Left Eye': {'x': 320, 'y': 348}, 'Right Eye': {'x': 428, 'y': 343}, 'Nose': {'x': 375, 'y': 388}, 'Mouth': {'x': 385, 'y': 426}, 'Left Ear': {'x': 299, 'y': 374}, 'Right Ear': {'x': 456, 'y': 372}, 'Chin': {'x': 380, 'y': 475}}
2025-05-08 23:27:22,989 - __main__ - DEBUG - Received face features request
2025-05-08 23:27:22,991 - __main__ - DEBUG - Processing base64 image
2025-05-08 23:27:23,000 - __main__ - DEBUG - Face landmarks detected
2025-05-08 23:27:23,001 - __main__ - DEBUG - Processed face points: {'Left Eye': {'x': 317, 'y': 352}, 'Right Eye': {'x': 432, 'y': 342}, 'Nose': {'x': 377, 'y': 386}, 'Mouth': {'x': 379, 'y': 420}, 'Left Ear': {'x': 299, 'y': 376}, 'Right Ear': {'x': 453, 'y': 372}, 'Chin': {'x': 388, 'y': 480}}
2025-05-08 23:27:23,119 - __main__ - DEBUG - Received face features request
2025-05-08 23:27:23,121 - __main__ - DEBUG - Processing base64 image
2025-05-08 23:27:23,130 - __main__ - DEBUG - Face landmarks detected
2025-05-08 23:27:23,131 - __main__ - DEBUG - Processed face points: {'Left Eye': {'x': 315, 'y': 343}, 'Right Eye': {'x': 433, 'y': 347}, 'Nose': {'x': 382, 'y': 388}, 'Mouth': {'x': 379, 'y': 417}, 'Left Ear': {'x': 296, 'y': 377}, 'Right Ear': {'x': 455, 'y': 373}, 'Chin': {'x': 384, 'y': 480}}
2025-05-08 23:27:23,287 - __main__ - DEBUG - Received face features request
2025-05-08 23:27:23,292 - __main__ - DEBUG - Processing base64 image
2025-05-08 23:27:23,362 - __main__ - DEBUG - Face landmarks detected
2025-05-08 23:27:23,365 - __main__ - DEBUG - Processed face points: {'Left Eye': {'x': 319, 'y': 352}, 'Right Eye': {'x': 432, 'y': 349}, 'Nose': {'x': 373, 'y': 391}, 'Mouth': {'x': 383, 'y': 423}, 'Left Ear': {'x': 294, 'y': 376}, 'Right Ear': {'x': 457, 'y': 365}, 'Chin': {'x': 378, 'y': 476}}
2025-05-08 23:27:23,624 - __main__ - DEBUG - Received face features request
2025-05-08 23:27:23,627 - __main__ - DEBUG - Processing base64 image
2025-05-08 23:27:23,637 - __main__ - DEBUG - Face landmarks detected
2025-05-08 23:27:23,639 - __main__ - DEBUG - Processed face points: {'Left Eye': {'x': 313, 'y': 345}, 'Right Eye': {'x': 433, 'y': 338}, 'Nose': {'x': 379, 'y': 390}, 'Mouth': {'x': 375, 'y': 425}, 'Left Ear': {'x': 297, 'y': 378}, 'Right Ear': {'x': 458, 'y': 369}, 'Chin': {'x': 382, 'y': 472}}
2025-05-08 23:27:23,757 - __main__ - DEBUG - Received face features request
2025-05-08 23:27:23,760 - __main__ - DEBUG - Processing base64 image
2025-05-08 23:27:23,770 - __main__ - DEBUG - Face landmarks detected
2025-05-08 23:27:23,772 - __main__ - DEBUG - Processed face points: {'Left Eye': {'x': 320, 'y': 350}, 'Right Eye': {'x': 432, 'y': 342}, 'Nose': {'x': 374, 'y': 390}, 'Mouth': {'x': 376, 'y': 415}, 'Left Ear': {'x': 290, 'y': 373}, 'Right Ear': {'x': 452, 'y': 366}, 'Chin': {'x': 387, 'y': 480}}
2025-05-08 23:27:23,890 - __main__ - DEBUG - Received face features request
2025-05-08 23:27:23,894 - __main__ - DEBUG - Processing base64 image
2025-05-08 23:27:23,909 - __main__ - DEBUG - Face landmarks detected
2025-05-08 23:27:23,910 - __main__ - DEBUG - Processed face points: {'Left Eye': {'x': 317, 'y': 344}, 'Right Eye': {'x': 437, 'y': 342}, 'Nose': {'x': 376, 'y': 383}, 'Mouth': {'x': 379, 'y': 418}, 'Left Ear': {'x': 291, 'y': 375}, 'Right Ear': {'x': 460, 'y': 363}, 'Chin': {'x': 388, 'y': 475}}
2025-05-08 23:27:24,025 - __main__ - DEBUG - Received face features request
2025-05-08 23:27:24,027 - __main__ - DEBUG - Processing base64 image
2025-05-08 23:27:24,035 - __main__ - DEBUG - Face landmarks detected
2025-05-08 23:27:24,037 - __main__ - DEBUG - Processed face points: {'Left Eye': {'x': 323, 'y': 344}, 'Right Eye': {'x': 429, 'y': 346}, 'Nose': {'x': 374, 'y': 385}, 'Mouth': {'x': 382, 'y': 426}, 'Left Ear': {'x': 291, 'y': 370}, 'Right Ear': {'x': 456, 'y': 371}, 'Chin': {'x': 380, 'y': 479}}
2025-05-08 23:27:24,152 - __main__ - DEBUG - Received face features request
2025-05-08 23:27:24,155 - __main__ - DEBUG - Processing base64 image
2025-05-08 23:27:24,165 - __main__ - DEBUG - Face landmarks detected
2025-05-08 23:27:24,166 - __main__ - DEBUG - Processed face points: {'Left Eye': {'x': 324, 'y': 350}, 'Right Eye': {'x': 436, 'y': 347}, 'Nose': {'x': 376, 'y': 391}, 'Mouth': {'x': 379, 'y': 425}, 'Left Ear': {'x': 301, 'y': 369}, 'Right Ear': {'x': 456, 'y': 367}, 'Chin': {'x': 386, 'y': 472}}
2025-05-08 23:27:24,286 - __main__ - DEBUG - Received face features request
2025-05-08 23:27:24,289 - __main__ - DEBUG - Processing base64 image
2025-05-08 23:27:24,299 - __main__ - DEBUG - Face landmarks detected
2025-05-08 23:27:24,300 - __main__ - DEBUG - Processed face points: {'Left Eye': {'x': 322, 'y': 348}, 'Right Eye': {'x': 434, 'y': 340}, 'Nose': {'x': 377, 'y': 391}, 'Mouth': {'x': 377, 'y': 419}, 'Left Ear': {'x': 298, 'y': 373}, 'Right Ear': {'x': 459, 'y': 371}, 'Chin': {'x': 386, 'y': 476}}
2025-05-08 23:27:24,418 - __main__ - DEBUG - Received face features request
2025-05-08 23:27:24,420 - __main__ - DEBUG - Processing base64 image
2025-05-08 23:27:24,430 - __main__ - DEBUG - Face landmarks detected
2025-05-08 23:27:24,431 - __main__ - DEBUG - Processed face points: {'Left Eye': {'x': 326, 'y': 353}, 'Right Eye': {'x': 438, 'y': 345}, 'Nose': {'x': 381, 'y': 393}, 'Mouth': {'x': 379, 'y': 417}, 'Left Ear': {'x': 300, 'y': 378}, 'Right Ear': {'x': 455, 'y': 369}, 'Chin': {'x': 382, 'y': 473}}
2025-05-08 23:27:24,557 - __main__ - DEBUG - Received face features request
2025-05-08 23:27:24,562 - __main__ - DEBUG - Processing base64 image
2025-05-08 23:27:24,571 - __main__ - DEBUG - Face landmarks detected
2025-05-08 23:27:24,572 - __main__ - DEBUG - Processed face points: {'Left Eye': {'x': 320, 'y': 354}, 'Right Eye': {'x': 437, 'y': 342}, 'Nose': {'x': 384, 'y': 394}, 'Mouth': {'x': 385, 'y': 419}, 'Left Ear': {'x': 301, 'y': 378}, 'Right Ear': {'x': 461, 'y': 374}, 'Chin': {'x': 382, 'y': 480}}
2025-05-08 23:27:24,686 - __main__ - DEBUG - Received face features request
2025-05-08 23:27:24,688 - __main__ - DEBUG - Processing base64 image
2025-05-08 23:27:24,693 - __main__ - DEBUG - Face landmarks detected
2025-05-08 23:27:24,694 - __main__ - DEBUG - Processed face points: {'Left Eye': {'x': 317, 'y': 354}, 'Right Eye': {'x': 430, 'y': 347}, 'Nose': {'x': 375, 'y': 393}, 'Mouth': {'x': 383, 'y': 421}, 'Left Ear': {'x': 302, 'y': 375}, 'Right Ear': {'x': 461, 'y': 376}, 'Chin': {'x': 382, 'y': 478}}
2025-05-08 23:27:24,807 - __main__ - DEBUG - Received face features request
2025-05-08 23:27:24,809 - __main__ - DEBUG - Processing base64 image
2025-05-08 23:27:24,814 - __main__ - DEBUG - Face landmarks detected
2025-05-08 23:27:24,815 - __main__ - DEBUG - Processed face points: {'Left Eye': {'x': 322, 'y': 349}, 'Right Eye': {'x': 428, 'y': 348}, 'Nose': {'x': 376, 'y': 393}, 'Mouth': {'x': 382, 'y': 420}, 'Left Ear': {'x': 295, 'y': 378}, 'Right Ear': {'x': 456, 'y': 377}, 'Chin': {'x': 387, 'y': 475}}
2025-05-08 23:27:24,939 - __main__ - DEBUG - Received face features request
2025-05-08 23:27:24,941 - __main__ - DEBUG - Processing base64 image
2025-05-08 23:27:24,950 - __main__ - DEBUG - Face landmarks detected
2025-05-08 23:27:24,951 - __main__ - DEBUG - Processed face points: {'Left Eye': {'x': 322, 'y': 350}, 'Right Eye': {'x': 430, 'y': 345}, 'Nose': {'x': 382, 'y': 388}, 'Mouth': {'x': 386, 'y': 420}, 'Left Ear': {'x': 299, 'y': 376}, 'Right Ear': {'x': 458, 'y': 376}, 'Chin': {'x': 386, 'y': 476}}
2025-05-08 23:27:25,072 - __main__ - DEBUG - Received face features request
2025-05-08 23:27:25,075 - __main__ - DEBUG - Processing base64 image
2025-05-08 23:27:25,084 - __main__ - DEBUG - Face landmarks detected
2025-05-08 23:27:25,085 - __main__ - DEBUG - Processed face points: {'Left Eye': {'x': 322, 'y': 351}, 'Right Eye': {'x': 436, 'y': 352}, 'Nose': {'x': 376, 'y': 390}, 'Mouth': {'x': 376, 'y': 429}, 'Left Ear': {'x': 298, 'y': 378}, 'Right Ear': {'x': 458, 'y': 376}, 'Chin': {'x': 386, 'y': 480}}
2025-05-08 23:27:25,208 - __main__ - DEBUG - Received face features request
2025-05-08 23:27:25,210 - __main__ - DEBUG - Processing base64 image
2025-05-08 23:27:25,219 - __main__ - DEBUG - Face landmarks detected
2025-05-08 23:27:25,220 - __main__ - DEBUG - Processed face points: {'Left Eye': {'x': 319, 'y': 345}, 'Right Eye': {'x': 438, 'y': 345}, 'Nose': {'x': 374, 'y': 389}, 'Mouth': {'x': 379, 'y': 424}, 'Left Ear': {'x': 294, 'y': 377}, 'Right Ear': {'x': 463, 'y': 366}, 'Chin': {'x': 385, 'y': 476}}
2025-05-08 23:27:25,337 - __main__ - DEBUG - Received face features request
2025-05-08 23:27:25,341 - __main__ - DEBUG - Processing base64 image
2025-05-08 23:27:25,351 - __main__ - DEBUG - Face landmarks detected
2025-05-08 23:27:25,352 - __main__ - DEBUG - Processed face points: {'Left Eye': {'x': 321, 'y': 347}, 'Right Eye': {'x': 435, 'y': 339}, 'Nose': {'x': 377, 'y': 396}, 'Mouth': {'x': 384, 'y': 427}, 'Left Ear': {'x': 297, 'y': 376}, 'Right Ear': {'x': 462, 'y': 371}, 'Chin': {'x': 378, 'y': 480}}
2025-05-08 23:27:25,471 - __main__ - DEBUG - Received face features request
2025-05-08 23:27:25,473 - __main__ - DEBUG - Processing base64 image
2025-05-08 23:27:25,483 - __main__ - DEBUG - Face landmarks detected
2025-05-08 23:27:25,484 - __main__ - DEBUG - Processed face points: {'Left Eye': {'x': 324, 'y': 343}, 'Right Eye': {'x': 429, 'y': 343}, 'Nose': {'x': 382, 'y': 393}, 'Mouth': {'x': 383, 'y': 420}, 'Left Ear': {'x': 295, 'y': 375}, 'Right Ear': {'x': 459, 'y': 370}, 'Chin': {'x': 378, 'y': 477}}
2025-05-08 23:27:25,603 - __main__ - DEBUG - Received face features request
2025-05-08 23:27:25,606 - __main__ - DEBUG - Processing base64 image
2025-05-08 23:27:25,616 - __main__ - DEBUG - Face landmarks detected
2025-05-08 23:27:25,617 - __main__ - DEBUG - Processed face points: {'Left Eye': {'x': 323, 'y': 343}, 'Right Eye': {'x': 434, 'y': 343}, 'Nose': {'x': 376, 'y': 392}, 'Mouth': {'x': 385, 'y': 422}, 'Left Ear': {'x': 294, 'y': 368}, 'Right Ear': {'x': 460, 'y': 372}, 'Chin': {'x': 383, 'y': 477}}
2025-05-08 23:27:25,738 - __main__ - DEBUG - Received face features request
2025-05-08 23:27:25,739 - __main__ - DEBUG - Processing base64 image
2025-05-08 23:27:25,744 - __main__ - DEBUG - Face landmarks detected
2025-05-08 23:27:25,745 - __main__ - DEBUG - Processed face points: {'Left Eye': {'x': 318, 'y': 346}, 'Right Eye': {'x': 435, 'y': 345}, 'Nose': {'x': 378, 'y': 388}, 'Mouth': {'x': 380, 'y': 424}, 'Left Ear': {'x': 291, 'y': 373}, 'Right Ear': {'x': 455, 'y': 370}, 'Chin': {'x': 383, 'y': 480}}
2025-05-08 23:27:25,872 - __main__ - DEBUG - Received face features request
2025-05-08 23:27:25,874 - __main__ - DEBUG - Processing base64 image
2025-05-08 23:27:25,884 - __main__ - DEBUG - Face landmarks detected
2025-05-08 23:27:25,885 - __main__ - DEBUG - Processed face points: {'Left Eye': {'x': 321, 'y': 339}, 'Right Eye': {'x': 434, 'y': 344}, 'Nose': {'x': 374, 'y': 390}, 'Mouth': {'x': 380, 'y': 420}, 'Left Ear': {'x': 297, 'y': 373}, 'Right Ear': {'x': 459, 'y': 369}, 'Chin': {'x': 380, 'y': 475}}
2025-05-08 23:27:26,007 - __main__ - DEBUG - Received face features request
2025-05-08 23:27:26,009 - __main__ - DEBUG - Processing base64 image
2025-05-08 23:27:26,018 - __main__ - DEBUG - Face landmarks detected
2025-05-08 23:27:26,020 - __main__ - DEBUG - Processed face points: {'Left Eye': {'x': 319, 'y': 341}, 'Right Eye': {'x': 431, 'y': 336}, 'Nose': {'x': 378, 'y': 384}, 'Mouth': {'x': 379, 'y': 421}, 'Left Ear': {'x': 300, 'y': 372}, 'Right Ear': {'x': 456, 'y': 362}, 'Chin': {'x': 380, 'y': 479}}
2025-05-08 23:27:26,142 - __main__ - DEBUG - Received face features request
2025-05-08 23:27:26,144 - __main__ - DEBUG - Processing base64 image
2025-05-08 23:27:26,154 - __main__ - DEBUG - Face landmarks detected
2025-05-08 23:27:26,154 - __main__ - DEBUG - Processed face points: {'Left Eye': {'x': 322, 'y': 343}, 'Right Eye': {'x': 435, 'y': 344}, 'Nose': {'x': 383, 'y': 383}, 'Mouth': {'x': 381, 'y': 424}, 'Left Ear': {'x': 291, 'y': 373}, 'Right Ear': {'x': 454, 'y': 364}, 'Chin': {'x': 380, 'y': 477}}
2025-05-08 23:27:26,274 - __main__ - DEBUG - Received face features request
2025-05-08 23:27:26,276 - __main__ - DEBUG - Processing base64 image
2025-05-08 23:27:26,286 - __main__ - DEBUG - Face landmarks detected
2025-05-08 23:27:26,287 - __main__ - DEBUG - Processed face points: {'Left Eye': {'x': 322, 'y': 340}, 'Right Eye': {'x': 437, 'y': 346}, 'Nose': {'x': 380, 'y': 385}, 'Mouth': {'x': 383, 'y': 420}, 'Left Ear': {'x': 296, 'y': 377}, 'Right Ear': {'x': 453, 'y': 371}, 'Chin': {'x': 376, 'y': 472}}
2025-05-08 23:27:26,408 - __main__ - DEBUG - Received face features request
2025-05-08 23:27:26,409 - __main__ - DEBUG - Processing base64 image
2025-05-08 23:27:26,420 - __main__ - DEBUG - Face landmarks detected
2025-05-08 23:27:26,421 - __main__ - DEBUG - Processed face points: {'Left Eye': {'x': 315, 'y': 349}, 'Right Eye': {'x': 430, 'y': 338}, 'Nose': {'x': 374, 'y': 387}, 'Mouth': {'x': 374, 'y': 423}, 'Left Ear': {'x': 289, 'y': 366}, 'Right Ear': {'x': 462, 'y': 364}, 'Chin': {'x': 379, 'y': 471}}
2025-05-08 23:27:26,543 - __main__ - DEBUG - Received face features request
2025-05-08 23:27:26,545 - __main__ - DEBUG - Processing base64 image
2025-05-08 23:27:26,556 - __main__ - DEBUG - Face landmarks detected
2025-05-08 23:27:26,557 - __main__ - DEBUG - Processed face points: {'Left Eye': {'x': 318, 'y': 350}, 'Right Eye': {'x': 435, 'y': 349}, 'Nose': {'x': 375, 'y': 390}, 'Mouth': {'x': 381, 'y': 423}, 'Left Ear': {'x': 294, 'y': 378}, 'Right Ear': {'x': 461, 'y': 372}, 'Chin': {'x': 378, 'y': 473}}
2025-05-08 23:27:26,676 - __main__ - DEBUG - Received face features request
2025-05-08 23:27:26,679 - __main__ - DEBUG - Processing base64 image
2025-05-08 23:27:26,687 - __main__ - DEBUG - Face landmarks detected
2025-05-08 23:27:26,688 - __main__ - DEBUG - Processed face points: {'Left Eye': {'x': 324, 'y': 346}, 'Right Eye': {'x': 436, 'y': 349}, 'Nose': {'x': 377, 'y': 391}, 'Mouth': {'x': 383, 'y': 422}, 'Left Ear': {'x': 293, 'y': 372}, 'Right Ear': {'x': 455, 'y': 371}, 'Chin': {'x': 380, 'y': 477}}
2025-05-08 23:27:26,808 - __main__ - DEBUG - Received face features request
2025-05-08 23:27:26,809 - __main__ - DEBUG - Processing base64 image
2025-05-08 23:27:26,814 - __main__ - DEBUG - Face landmarks detected
2025-05-08 23:27:26,815 - __main__ - DEBUG - Processed face points: {'Left Eye': {'x': 325, 'y': 347}, 'Right Eye': {'x': 436, 'y': 348}, 'Nose': {'x': 378, 'y': 392}, 'Mouth': {'x': 386, 'y': 423}, 'Left Ear': {'x': 298, 'y': 379}, 'Right Ear': {'x': 464, 'y': 373}, 'Chin': {'x': 377, 'y': 480}}
2025-05-08 23:27:26,939 - __main__ - DEBUG - Received face features request
2025-05-08 23:27:26,941 - __main__ - DEBUG - Processing base64 image
2025-05-08 23:27:26,953 - __main__ - DEBUG - Face landmarks detected
2025-05-08 23:27:26,954 - __main__ - DEBUG - Processed face points: {'Left Eye': {'x': 323, 'y': 345}, 'Right Eye': {'x': 438, 'y': 341}, 'Nose': {'x': 376, 'y': 396}, 'Mouth': {'x': 385, 'y': 425}, 'Left Ear': {'x': 292, 'y': 379}, 'Right Ear': {'x': 457, 'y': 368}, 'Chin': {'x': 384, 'y': 480}}
2025-05-08 23:27:27,075 - __main__ - DEBUG - Received face features request
2025-05-08 23:27:27,077 - __main__ - DEBUG - Processing base64 image
2025-05-08 23:27:27,086 - __main__ - DEBUG - Face landmarks detected
2025-05-08 23:27:27,087 - __main__ - DEBUG - Processed face points: {'Left Eye': {'x': 321, 'y': 354}, 'Right Eye': {'x': 435, 'y': 347}, 'Nose': {'x': 374, 'y': 396}, 'Mouth': {'x': 379, 'y': 427}, 'Left Ear': {'x': 300, 'y': 372}, 'Right Ear': {'x': 455, 'y': 370}, 'Chin': {'x': 384, 'y': 480}}
2025-05-08 23:27:27,210 - __main__ - DEBUG - Received face features request
2025-05-08 23:27:27,212 - __main__ - DEBUG - Processing base64 image
2025-05-08 23:27:27,220 - __main__ - DEBUG - Face landmarks detected
2025-05-08 23:27:27,221 - __main__ - DEBUG - Processed face points: {'Left Eye': {'x': 325, 'y': 345}, 'Right Eye': {'x': 433, 'y': 350}, 'Nose': {'x': 378, 'y': 389}, 'Mouth': {'x': 378, 'y': 422}, 'Left Ear': {'x': 292, 'y': 379}, 'Right Ear': {'x': 460, 'y': 375}, 'Chin': {'x': 384, 'y': 479}}
2025-05-08 23:27:27,342 - __main__ - DEBUG - Received face features request
2025-05-08 23:27:27,345 - __main__ - DEBUG - Processing base64 image
2025-05-08 23:27:27,356 - __main__ - DEBUG - Face landmarks detected
2025-05-08 23:27:27,357 - __main__ - DEBUG - Processed face points: {'Left Eye': {'x': 323, 'y': 350}, 'Right Eye': {'x': 435, 'y': 348}, 'Nose': {'x': 377, 'y': 395}, 'Mouth': {'x': 377, 'y': 422}, 'Left Ear': {'x': 301, 'y': 378}, 'Right Ear': {'x': 456, 'y': 368}, 'Chin': {'x': 386, 'y': 477}}
2025-05-08 23:27:27,476 - __main__ - DEBUG - Received face features request
2025-05-08 23:27:27,478 - __main__ - DEBUG - Processing base64 image
2025-05-08 23:27:27,488 - __main__ - DEBUG - Face landmarks detected
2025-05-08 23:27:27,489 - __main__ - DEBUG - Processed face points: {'Left Eye': {'x': 321, 'y': 348}, 'Right Eye': {'x': 437, 'y': 351}, 'Nose': {'x': 375, 'y': 388}, 'Mouth': {'x': 379, 'y': 427}, 'Left Ear': {'x': 295, 'y': 380}, 'Right Ear': {'x': 460, 'y': 369}, 'Chin': {'x': 386, 'y': 480}}
2025-05-08 23:27:27,608 - __main__ - DEBUG - Received face features request
2025-05-08 23:27:27,610 - __main__ - DEBUG - Processing base64 image
2025-05-08 23:27:27,621 - __main__ - DEBUG - Face landmarks detected
2025-05-08 23:27:27,623 - __main__ - DEBUG - Processed face points: {'Left Eye': {'x': 319, 'y': 351}, 'Right Eye': {'x': 438, 'y': 347}, 'Nose': {'x': 384, 'y': 387}, 'Mouth': {'x': 386, 'y': 429}, 'Left Ear': {'x': 292, 'y': 378}, 'Right Ear': {'x': 458, 'y': 374}, 'Chin': {'x': 387, 'y': 480}}
2025-05-08 23:27:27,741 - __main__ - DEBUG - Received face features request
2025-05-08 23:27:27,744 - __main__ - DEBUG - Processing base64 image
2025-05-08 23:27:27,757 - __main__ - DEBUG - Face landmarks detected
2025-05-08 23:27:27,758 - __main__ - DEBUG - Processed face points: {'Left Eye': {'x': 318, 'y': 350}, 'Right Eye': {'x': 438, 'y': 342}, 'Nose': {'x': 374, 'y': 392}, 'Mouth': {'x': 383, 'y': 428}, 'Left Ear': {'x': 292, 'y': 379}, 'Right Ear': {'x': 461, 'y': 370}, 'Chin': {'x': 388, 'y': 473}}
2025-05-08 23:27:27,876 - __main__ - DEBUG - Received face features request
2025-05-08 23:27:27,877 - __main__ - DEBUG - Processing base64 image
2025-05-08 23:27:27,883 - __main__ - DEBUG - Face landmarks detected
2025-05-08 23:27:27,883 - __main__ - DEBUG - Processed face points: {'Left Eye': {'x': 324, 'y': 351}, 'Right Eye': {'x': 432, 'y': 346}, 'Nose': {'x': 380, 'y': 394}, 'Mouth': {'x': 381, 'y': 426}, 'Left Ear': {'x': 300, 'y': 379}, 'Right Ear': {'x': 455, 'y': 367}, 'Chin': {'x': 382, 'y': 473}}
2025-05-08 23:27:28,008 - __main__ - DEBUG - Received face features request
2025-05-08 23:27:28,010 - __main__ - DEBUG - Processing base64 image
2025-05-08 23:27:28,020 - __main__ - DEBUG - Face landmarks detected
2025-05-08 23:27:28,020 - __main__ - DEBUG - Processed face points: {'Left Eye': {'x': 322, 'y': 345}, 'Right Eye': {'x': 429, 'y': 341}, 'Nose': {'x': 375, 'y': 387}, 'Mouth': {'x': 379, 'y': 417}, 'Left Ear': {'x': 294, 'y': 369}, 'Right Ear': {'x': 455, 'y': 370}, 'Chin': {'x': 386, 'y': 478}}
2025-05-08 23:27:28,138 - __main__ - DEBUG - Received face features request
2025-05-08 23:27:28,141 - __main__ - DEBUG - Processing base64 image
2025-05-08 23:27:28,151 - __main__ - DEBUG - Face landmarks detected
2025-05-08 23:27:28,152 - __main__ - DEBUG - Processed face points: {'Left Eye': {'x': 316, 'y': 345}, 'Right Eye': {'x': 433, 'y': 349}, 'Nose': {'x': 383, 'y': 392}, 'Mouth': {'x': 386, 'y': 420}, 'Left Ear': {'x': 294, 'y': 371}, 'Right Ear': {'x': 453, 'y': 364}, 'Chin': {'x': 380, 'y': 472}}
2025-05-08 23:27:28,272 - __main__ - DEBUG - Received face features request
2025-05-08 23:27:28,274 - __main__ - DEBUG - Processing base64 image
2025-05-08 23:27:28,284 - __main__ - DEBUG - Face landmarks detected
2025-05-08 23:27:28,285 - __main__ - DEBUG - Processed face points: {'Left Eye': {'x': 320, 'y': 345}, 'Right Eye': {'x': 429, 'y': 338}, 'Nose': {'x': 383, 'y': 390}, 'Mouth': {'x': 386, 'y': 417}, 'Left Ear': {'x': 294, 'y': 376}, 'Right Ear': {'x': 460, 'y': 372}, 'Chin': {'x': 381, 'y': 480}}
2025-05-08 23:27:28,409 - __main__ - DEBUG - Received face features request
2025-05-08 23:27:28,411 - __main__ - DEBUG - Processing base64 image
2025-05-08 23:27:28,421 - __main__ - DEBUG - Face landmarks detected
2025-05-08 23:27:28,422 - __main__ - DEBUG - Processed face points: {'Left Eye': {'x': 316, 'y': 342}, 'Right Eye': {'x': 427, 'y': 341}, 'Nose': {'x': 379, 'y': 385}, 'Mouth': {'x': 383, 'y': 416}, 'Left Ear': {'x': 290, 'y': 371}, 'Right Ear': {'x': 461, 'y': 372}, 'Chin': {'x': 385, 'y': 471}}
2025-05-08 23:27:28,538 - __main__ - DEBUG - Received face features request
2025-05-08 23:27:28,541 - __main__ - DEBUG - Processing base64 image
2025-05-08 23:27:28,550 - __main__ - DEBUG - Face landmarks detected
2025-05-08 23:27:28,551 - __main__ - DEBUG - Processed face points: {'Left Eye': {'x': 320, 'y': 346}, 'Right Eye': {'x': 436, 'y': 337}, 'Nose': {'x': 380, 'y': 386}, 'Mouth': {'x': 381, 'y': 424}, 'Left Ear': {'x': 294, 'y': 368}, 'Right Ear': {'x': 458, 'y': 369}, 'Chin': {'x': 378, 'y': 480}}
2025-05-08 23:27:28,672 - __main__ - DEBUG - Received face features request
2025-05-08 23:27:28,674 - __main__ - DEBUG - Processing base64 image
2025-05-08 23:27:28,684 - __main__ - DEBUG - Face landmarks detected
2025-05-08 23:27:28,685 - __main__ - DEBUG - Processed face points: {'Left Eye': {'x': 322, 'y': 348}, 'Right Eye': {'x': 432, 'y': 341}, 'Nose': {'x': 382, 'y': 386}, 'Mouth': {'x': 380, 'y': 424}, 'Left Ear': {'x': 295, 'y': 370}, 'Right Ear': {'x': 453, 'y': 364}, 'Chin': {'x': 379, 'y': 475}}
2025-05-08 23:27:28,808 - __main__ - DEBUG - Received face features request
2025-05-08 23:27:28,811 - __main__ - DEBUG - Processing base64 image
2025-05-08 23:27:28,821 - __main__ - DEBUG - Face landmarks detected
2025-05-08 23:27:28,822 - __main__ - DEBUG - Processed face points: {'Left Eye': {'x': 322, 'y': 344}, 'Right Eye': {'x': 429, 'y': 343}, 'Nose': {'x': 372, 'y': 392}, 'Mouth': {'x': 374, 'y': 418}, 'Left Ear': {'x': 294, 'y': 369}, 'Right Ear': {'x': 462, 'y': 368}, 'Chin': {'x': 378, 'y': 474}}
2025-05-08 23:27:28,939 - __main__ - DEBUG - Received face features request
2025-05-08 23:27:28,941 - __main__ - DEBUG - Processing base64 image
2025-05-08 23:27:28,948 - __main__ - DEBUG - Face landmarks detected
2025-05-08 23:27:28,948 - __main__ - DEBUG - Processed face points: {'Left Eye': {'x': 316, 'y': 350}, 'Right Eye': {'x': 436, 'y': 348}, 'Nose': {'x': 379, 'y': 389}, 'Mouth': {'x': 375, 'y': 424}, 'Left Ear': {'x': 293, 'y': 371}, 'Right Ear': {'x': 461, 'y': 370}, 'Chin': {'x': 382, 'y': 476}}
2025-05-08 23:27:29,073 - __main__ - DEBUG - Received face features request
2025-05-08 23:27:29,075 - __main__ - DEBUG - Processing base64 image
2025-05-08 23:27:29,085 - __main__ - DEBUG - Face landmarks detected
2025-05-08 23:27:29,087 - __main__ - DEBUG - Processed face points: {'Left Eye': {'x': 317, 'y': 352}, 'Right Eye': {'x': 432, 'y': 345}, 'Nose': {'x': 377, 'y': 394}, 'Mouth': {'x': 385, 'y': 429}, 'Left Ear': {'x': 298, 'y': 373}, 'Right Ear': {'x': 458, 'y': 371}, 'Chin': {'x': 380, 'y': 476}}
2025-05-08 23:27:29,206 - __main__ - DEBUG - Received face features request
2025-05-08 23:27:29,209 - __main__ - DEBUG - Processing base64 image
2025-05-08 23:27:29,220 - __main__ - DEBUG - Face landmarks detected
2025-05-08 23:27:29,221 - __main__ - DEBUG - Processed face points: {'Left Eye': {'x': 319, 'y': 355}, 'Right Eye': {'x': 435, 'y': 346}, 'Nose': {'x': 377, 'y': 392}, 'Mouth': {'x': 378, 'y': 424}, 'Left Ear': {'x': 299, 'y': 382}, 'Right Ear': {'x': 463, 'y': 369}, 'Chin': {'x': 388, 'y': 480}}
2025-05-08 23:27:29,339 - __main__ - DEBUG - Received face features request
2025-05-08 23:27:29,341 - __main__ - DEBUG - Processing base64 image
2025-05-08 23:27:29,350 - __main__ - DEBUG - Face landmarks detected
2025-05-08 23:27:29,351 - __main__ - DEBUG - Processed face points: {'Left Eye': {'x': 324, 'y': 356}, 'Right Eye': {'x': 433, 'y': 353}, 'Nose': {'x': 375, 'y': 388}, 'Mouth': {'x': 381, 'y': 424}, 'Left Ear': {'x': 298, 'y': 380}, 'Right Ear': {'x': 461, 'y': 371}, 'Chin': {'x': 385, 'y': 480}}
2025-05-08 23:27:29,472 - __main__ - DEBUG - Received face features request
2025-05-08 23:27:29,475 - __main__ - DEBUG - Processing base64 image
2025-05-08 23:27:29,484 - __main__ - DEBUG - Face landmarks detected
2025-05-08 23:27:29,485 - __main__ - DEBUG - Processed face points: {'Left Eye': {'x': 324, 'y': 349}, 'Right Eye': {'x': 428, 'y': 348}, 'Nose': {'x': 379, 'y': 388}, 'Mouth': {'x': 383, 'y': 423}, 'Left Ear': {'x': 300, 'y': 383}, 'Right Ear': {'x': 458, 'y': 368}, 'Chin': {'x': 386, 'y': 479}}
2025-05-08 23:27:29,607 - __main__ - DEBUG - Received face features request
2025-05-08 23:27:29,609 - __main__ - DEBUG - Processing base64 image
2025-05-08 23:27:29,618 - __main__ - DEBUG - Face landmarks detected
2025-05-08 23:27:29,619 - __main__ - DEBUG - Processed face points: {'Left Eye': {'x': 316, 'y': 346}, 'Right Eye': {'x': 433, 'y': 349}, 'Nose': {'x': 381, 'y': 394}, 'Mouth': {'x': 380, 'y': 423}, 'Left Ear': {'x': 295, 'y': 377}, 'Right Ear': {'x': 455, 'y': 374}, 'Chin': {'x': 384, 'y': 480}}
2025-05-08 23:27:29,738 - __main__ - DEBUG - Received face features request
2025-05-08 23:27:29,740 - __main__ - DEBUG - Processing base64 image
2025-05-08 23:27:29,750 - __main__ - DEBUG - Face landmarks detected
2025-05-08 23:27:29,751 - __main__ - DEBUG - Processed face points: {'Left Eye': {'x': 318, 'y': 349}, 'Right Eye': {'x': 430, 'y': 344}, 'Nose': {'x': 380, 'y': 390}, 'Mouth': {'x': 379, 'y': 424}, 'Left Ear': {'x': 290, 'y': 373}, 'Right Ear': {'x': 462, 'y': 374}, 'Chin': {'x': 384, 'y': 477}}
2025-05-08 23:27:29,871 - __main__ - DEBUG - Received face features request
2025-05-08 23:27:29,873 - __main__ - DEBUG - Processing base64 image
2025-05-08 23:27:29,879 - __main__ - DEBUG - Face landmarks detected
2025-05-08 23:27:29,880 - __main__ - DEBUG - Processed face points: {'Left Eye': {'x': 320, 'y': 348}, 'Right Eye': {'x': 431, 'y': 345}, 'Nose': {'x': 372, 'y': 386}, 'Mouth': {'x': 383, 'y': 424}, 'Left Ear': {'x': 293, 'y': 380}, 'Right Ear': {'x': 452, 'y': 365}, 'Chin': {'x': 382, 'y': 475}}
2025-05-08 23:27:30,011 - __main__ - DEBUG - Received face features request
2025-05-08 23:27:30,013 - __main__ - DEBUG - Processing base64 image
2025-05-08 23:27:30,019 - __main__ - DEBUG - Face landmarks detected
2025-05-08 23:27:30,020 - __main__ - DEBUG - Processed face points: {'Left Eye': {'x': 316, 'y': 345}, 'Right Eye': {'x': 431, 'y': 345}, 'Nose': {'x': 373, 'y': 385}, 'Mouth': {'x': 384, 'y': 420}, 'Left Ear': {'x': 292, 'y': 381}, 'Right Ear': {'x': 461, 'y': 371}, 'Chin': {'x': 385, 'y': 480}}
2025-05-08 23:27:30,138 - __main__ - DEBUG - Received face features request
2025-05-08 23:27:30,141 - __main__ - DEBUG - Processing base64 image
2025-05-08 23:27:30,151 - __main__ - DEBUG - Face landmarks detected
2025-05-08 23:27:30,152 - __main__ - DEBUG - Processed face points: {'Left Eye': {'x': 318, 'y': 348}, 'Right Eye': {'x': 435, 'y': 340}, 'Nose': {'x': 379, 'y': 386}, 'Mouth': {'x': 382, 'y': 417}, 'Left Ear': {'x': 298, 'y': 375}, 'Right Ear': {'x': 451, 'y': 367}, 'Chin': {'x': 386, 'y': 480}}
2025-05-08 23:27:30,274 - __main__ - DEBUG - Received face features request
2025-05-08 23:27:30,277 - __main__ - DEBUG - Processing base64 image
2025-05-08 23:27:30,288 - __main__ - DEBUG - Face landmarks detected
2025-05-08 23:27:30,289 - __main__ - DEBUG - Processed face points: {'Left Eye': {'x': 316, 'y': 347}, 'Right Eye': {'x': 427, 'y': 345}, 'Nose': {'x': 379, 'y': 389}, 'Mouth': {'x': 384, 'y': 425}, 'Left Ear': {'x': 292, 'y': 373}, 'Right Ear': {'x': 457, 'y': 369}, 'Chin': {'x': 385, 'y': 480}}
2025-05-08 23:27:30,408 - __main__ - DEBUG - Received face features request
2025-05-08 23:27:30,410 - __main__ - DEBUG - Processing base64 image
2025-05-08 23:27:30,420 - __main__ - DEBUG - Face landmarks detected
2025-05-08 23:27:30,421 - __main__ - DEBUG - Processed face points: {'Left Eye': {'x': 320, 'y': 349}, 'Right Eye': {'x': 435, 'y': 348}, 'Nose': {'x': 381, 'y': 392}, 'Mouth': {'x': 380, 'y': 418}, 'Left Ear': {'x': 290, 'y': 373}, 'Right Ear': {'x': 459, 'y': 368}, 'Chin': {'x': 380, 'y': 473}}
2025-05-08 23:27:30,538 - __main__ - DEBUG - Received face features request
2025-05-08 23:27:30,540 - __main__ - DEBUG - Processing base64 image
2025-05-08 23:27:30,550 - __main__ - DEBUG - Face landmarks detected
2025-05-08 23:27:30,551 - __main__ - DEBUG - Processed face points: {'Left Eye': {'x': 314, 'y': 346}, 'Right Eye': {'x': 430, 'y': 347}, 'Nose': {'x': 378, 'y': 390}, 'Mouth': {'x': 380, 'y': 423}, 'Left Ear': {'x': 291, 'y': 369}, 'Right Ear': {'x': 453, 'y': 371}, 'Chin': {'x': 379, 'y': 476}}
2025-05-08 23:27:30,674 - __main__ - DEBUG - Received face features request
2025-05-08 23:27:30,676 - __main__ - DEBUG - Processing base64 image
2025-05-08 23:27:30,687 - __main__ - DEBUG - Face landmarks detected
2025-05-08 23:27:30,688 - __main__ - DEBUG - Processed face points: {'Left Eye': {'x': 316, 'y': 349}, 'Right Eye': {'x': 435, 'y': 341}, 'Nose': {'x': 382, 'y': 383}, 'Mouth': {'x': 383, 'y': 420}, 'Left Ear': {'x': 293, 'y': 372}, 'Right Ear': {'x': 461, 'y': 365}, 'Chin': {'x': 384, 'y': 474}}
2025-05-08 23:27:30,807 - __main__ - DEBUG - Received face features request
2025-05-08 23:27:30,809 - __main__ - DEBUG - Processing base64 image
2025-05-08 23:27:30,820 - __main__ - DEBUG - Face landmarks detected
2025-05-08 23:27:30,821 - __main__ - DEBUG - Processed face points: {'Left Eye': {'x': 317, 'y': 347}, 'Right Eye': {'x': 435, 'y': 344}, 'Nose': {'x': 379, 'y': 391}, 'Mouth': {'x': 376, 'y': 422}, 'Left Ear': {'x': 288, 'y': 372}, 'Right Ear': {'x': 453, 'y': 368}, 'Chin': {'x': 381, 'y': 475}}
2025-05-08 23:27:30,941 - __main__ - DEBUG - Received face features request
2025-05-08 23:27:30,943 - __main__ - DEBUG - Processing base64 image
2025-05-08 23:27:30,950 - __main__ - DEBUG - Face landmarks detected
2025-05-08 23:27:30,951 - __main__ - DEBUG - Processed face points: {'Left Eye': {'x': 314, 'y': 345}, 'Right Eye': {'x': 435, 'y': 344}, 'Nose': {'x': 379, 'y': 392}, 'Mouth': {'x': 382, 'y': 424}, 'Left Ear': {'x': 291, 'y': 377}, 'Right Ear': {'x': 453, 'y': 369}, 'Chin': {'x': 385, 'y': 476}}
2025-05-08 23:27:31,073 - __main__ - DEBUG - Received face features request
2025-05-08 23:27:31,074 - __main__ - DEBUG - Processing base64 image
2025-05-08 23:27:31,081 - __main__ - DEBUG - Face landmarks detected
2025-05-08 23:27:31,082 - __main__ - DEBUG - Processed face points: {'Left Eye': {'x': 323, 'y': 345}, 'Right Eye': {'x': 435, 'y': 346}, 'Nose': {'x': 381, 'y': 392}, 'Mouth': {'x': 375, 'y': 423}, 'Left Ear': {'x': 295, 'y': 374}, 'Right Ear': {'x': 458, 'y': 370}, 'Chin': {'x': 386, 'y': 478}}
2025-05-08 23:27:31,204 - __main__ - DEBUG - Received face features request
2025-05-08 23:27:31,206 - __main__ - DEBUG - Processing base64 image
2025-05-08 23:27:31,218 - __main__ - DEBUG - Face landmarks detected
2025-05-08 23:27:31,219 - __main__ - DEBUG - Processed face points: {'Left Eye': {'x': 318, 'y': 351}, 'Right Eye': {'x': 438, 'y': 342}, 'Nose': {'x': 379, 'y': 396}, 'Mouth': {'x': 375, 'y': 420}, 'Left Ear': {'x': 296, 'y': 372}, 'Right Ear': {'x': 461, 'y': 371}, 'Chin': {'x': 380, 'y': 478}}
2025-05-08 23:27:31,338 - __main__ - DEBUG - Received face features request
2025-05-08 23:27:31,341 - __main__ - DEBUG - Processing base64 image
2025-05-08 23:27:31,350 - __main__ - DEBUG - Face landmarks detected
2025-05-08 23:27:31,351 - __main__ - DEBUG - Processed face points: {'Left Eye': {'x': 319, 'y': 352}, 'Right Eye': {'x': 429, 'y': 353}, 'Nose': {'x': 381, 'y': 389}, 'Mouth': {'x': 375, 'y': 429}, 'Left Ear': {'x': 294, 'y': 378}, 'Right Ear': {'x': 457, 'y': 370}, 'Chin': {'x': 388, 'y': 480}}
2025-05-08 23:27:31,480 - __main__ - DEBUG - Received face features request
2025-05-08 23:27:31,482 - __main__ - DEBUG - Processing base64 image
2025-05-08 23:27:31,491 - __main__ - DEBUG - Face landmarks detected
2025-05-08 23:27:31,492 - __main__ - DEBUG - Processed face points: {'Left Eye': {'x': 324, 'y': 347}, 'Right Eye': {'x': 438, 'y': 348}, 'Nose': {'x': 381, 'y': 391}, 'Mouth': {'x': 380, 'y': 426}, 'Left Ear': {'x': 297, 'y': 383}, 'Right Ear': {'x': 456, 'y': 372}, 'Chin': {'x': 381, 'y': 480}}
2025-05-08 23:27:31,611 - __main__ - DEBUG - Received face features request
2025-05-08 23:27:31,613 - __main__ - DEBUG - Processing base64 image
2025-05-08 23:27:31,623 - __main__ - DEBUG - Face landmarks detected
2025-05-08 23:27:31,624 - __main__ - DEBUG - Processed face points: {'Left Eye': {'x': 318, 'y': 346}, 'Right Eye': {'x': 429, 'y': 351}, 'Nose': {'x': 377, 'y': 396}, 'Mouth': {'x': 381, 'y': 425}, 'Left Ear': {'x': 294, 'y': 376}, 'Right Ear': {'x': 458, 'y': 378}, 'Chin': {'x': 381, 'y': 480}}
2025-05-08 23:27:31,741 - __main__ - DEBUG - Received face features request
2025-05-08 23:27:31,744 - __main__ - DEBUG - Processing base64 image
2025-05-08 23:27:31,753 - __main__ - DEBUG - Face landmarks detected
2025-05-08 23:27:31,755 - __main__ - DEBUG - Processed face points: {'Left Eye': {'x': 319, 'y': 352}, 'Right Eye': {'x': 434, 'y': 347}, 'Nose': {'x': 378, 'y': 396}, 'Mouth': {'x': 385, 'y': 424}, 'Left Ear': {'x': 297, 'y': 374}, 'Right Ear': {'x': 462, 'y': 377}, 'Chin': {'x': 377, 'y': 480}}
2025-05-08 23:27:31,871 - __main__ - DEBUG - Received face features request
2025-05-08 23:27:31,874 - __main__ - DEBUG - Processing base64 image
2025-05-08 23:27:31,883 - __main__ - DEBUG - Face landmarks detected
2025-05-08 23:27:31,884 - __main__ - DEBUG - Processed face points: {'Left Eye': {'x': 322, 'y': 349}, 'Right Eye': {'x': 429, 'y': 346}, 'Nose': {'x': 375, 'y': 389}, 'Mouth': {'x': 379, 'y': 425}, 'Left Ear': {'x': 293, 'y': 379}, 'Right Ear': {'x': 459, 'y': 372}, 'Chin': {'x': 377, 'y': 476}}
2025-05-08 23:27:32,002 - __main__ - DEBUG - Received face features request
2025-05-08 23:27:32,003 - __main__ - DEBUG - Processing base64 image
2025-05-08 23:27:32,012 - __main__ - DEBUG - Face landmarks detected
2025-05-08 23:27:32,013 - __main__ - DEBUG - Processed face points: {'Left Eye': {'x': 319, 'y': 347}, 'Right Eye': {'x': 432, 'y': 341}, 'Nose': {'x': 382, 'y': 391}, 'Mouth': {'x': 379, 'y': 428}, 'Left Ear': {'x': 294, 'y': 381}, 'Right Ear': {'x': 456, 'y': 370}, 'Chin': {'x': 380, 'y': 479}}
2025-05-08 23:27:32,135 - __main__ - DEBUG - Received face features request
2025-05-08 23:27:32,137 - __main__ - DEBUG - Processing base64 image
2025-05-08 23:27:32,144 - __main__ - DEBUG - Face landmarks detected
2025-05-08 23:27:32,145 - __main__ - DEBUG - Processed face points: {'Left Eye': {'x': 319, 'y': 349}, 'Right Eye': {'x': 431, 'y': 343}, 'Nose': {'x': 382, 'y': 393}, 'Mouth': {'x': 374, 'y': 422}, 'Left Ear': {'x': 290, 'y': 379}, 'Right Ear': {'x': 458, 'y': 373}, 'Chin': {'x': 381, 'y': 479}}
2025-05-08 23:27:32,269 - __main__ - DEBUG - Received face features request
2025-05-08 23:27:32,271 - __main__ - DEBUG - Processing base64 image
2025-05-08 23:27:32,281 - __main__ - DEBUG - Face landmarks detected
2025-05-08 23:27:32,282 - __main__ - DEBUG - Processed face points: {'Left Eye': {'x': 314, 'y': 342}, 'Right Eye': {'x': 434, 'y': 344}, 'Nose': {'x': 378, 'y': 388}, 'Mouth': {'x': 381, 'y': 417}, 'Left Ear': {'x': 295, 'y': 368}, 'Right Ear': {'x': 454, 'y': 362}, 'Chin': {'x': 385, 'y': 475}}
2025-05-08 23:27:32,406 - __main__ - DEBUG - Received face features request
2025-05-08 23:27:32,409 - __main__ - DEBUG - Processing base64 image
2025-05-08 23:27:32,418 - __main__ - DEBUG - Face landmarks detected
2025-05-08 23:27:32,419 - __main__ - DEBUG - Processed face points: {'Left Eye': {'x': 317, 'y': 338}, 'Right Eye': {'x': 434, 'y': 345}, 'Nose': {'x': 371, 'y': 382}, 'Mouth': {'x': 377, 'y': 423}, 'Left Ear': {'x': 292, 'y': 368}, 'Right Ear': {'x': 459, 'y': 363}, 'Chin': {'x': 379, 'y': 473}}
2025-05-08 23:27:32,537 - __main__ - DEBUG - Received face features request
2025-05-08 23:27:32,539 - __main__ - DEBUG - Processing base64 image
2025-05-08 23:27:32,550 - __main__ - DEBUG - Face landmarks detected
2025-05-08 23:27:32,551 - __main__ - DEBUG - Processed face points: {'Left Eye': {'x': 313, 'y': 344}, 'Right Eye': {'x': 424, 'y': 339}, 'Nose': {'x': 371, 'y': 383}, 'Mouth': {'x': 379, 'y': 414}, 'Left Ear': {'x': 290, 'y': 375}, 'Right Ear': {'x': 449, 'y': 359}, 'Chin': {'x': 373, 'y': 469}}
2025-05-08 23:27:32,669 - __main__ - DEBUG - Received face features request
2025-05-08 23:27:32,672 - __main__ - DEBUG - Processing base64 image
2025-05-08 23:27:32,681 - __main__ - DEBUG - Face landmarks detected
2025-05-08 23:27:32,682 - __main__ - DEBUG - Processed face points: {'Left Eye': {'x': 314, 'y': 347}, 'Right Eye': {'x': 429, 'y': 341}, 'Nose': {'x': 377, 'y': 389}, 'Mouth': {'x': 373, 'y': 422}, 'Left Ear': {'x': 294, 'y': 372}, 'Right Ear': {'x': 457, 'y': 363}, 'Chin': {'x': 379, 'y': 470}}
2025-05-08 23:27:32,803 - __main__ - DEBUG - Received face features request
2025-05-08 23:27:32,806 - __main__ - DEBUG - Processing base64 image
2025-05-08 23:27:32,815 - __main__ - DEBUG - Face landmarks detected
2025-05-08 23:27:32,816 - __main__ - DEBUG - Processed face points: {'Left Eye': {'x': 317, 'y': 340}, 'Right Eye': {'x': 432, 'y': 334}, 'Nose': {'x': 369, 'y': 387}, 'Mouth': {'x': 375, 'y': 417}, 'Left Ear': {'x': 293, 'y': 375}, 'Right Ear': {'x': 455, 'y': 361}, 'Chin': {'x': 377, 'y': 468}}
2025-05-08 23:27:32,937 - __main__ - DEBUG - Received face features request
2025-05-08 23:27:32,940 - __main__ - DEBUG - Processing base64 image
2025-05-08 23:27:32,950 - __main__ - DEBUG - Face landmarks detected
2025-05-08 23:27:32,951 - __main__ - DEBUG - Processed face points: {'Left Eye': {'x': 314, 'y': 337}, 'Right Eye': {'x': 424, 'y': 336}, 'Nose': {'x': 376, 'y': 382}, 'Mouth': {'x': 374, 'y': 416}, 'Left Ear': {'x': 292, 'y': 371}, 'Right Ear': {'x': 451, 'y': 366}, 'Chin': {'x': 381, 'y': 475}}
2025-05-08 23:27:33,068 - __main__ - DEBUG - Received face features request
2025-05-08 23:27:33,071 - __main__ - DEBUG - Processing base64 image
2025-05-08 23:27:33,079 - __main__ - DEBUG - Face landmarks detected
2025-05-08 23:27:33,080 - __main__ - DEBUG - Processed face points: {'Left Eye': {'x': 309, 'y': 344}, 'Right Eye': {'x': 424, 'y': 343}, 'Nose': {'x': 375, 'y': 391}, 'Mouth': {'x': 375, 'y': 417}, 'Left Ear': {'x': 290, 'y': 369}, 'Right Ear': {'x': 457, 'y': 365}, 'Chin': {'x': 380, 'y': 478}}
2025-05-08 23:27:33,202 - __main__ - DEBUG - Received face features request
2025-05-08 23:27:33,204 - __main__ - DEBUG - Processing base64 image
2025-05-08 23:27:33,211 - __main__ - DEBUG - Face landmarks detected
2025-05-08 23:27:33,212 - __main__ - DEBUG - Processed face points: {'Left Eye': {'x': 316, 'y': 342}, 'Right Eye': {'x': 423, 'y': 335}, 'Nose': {'x': 376, 'y': 390}, 'Mouth': {'x': 369, 'y': 421}, 'Left Ear': {'x': 288, 'y': 372}, 'Right Ear': {'x': 451, 'y': 364}, 'Chin': {'x': 372, 'y': 475}}
2025-05-08 23:27:33,328 - __main__ - DEBUG - Received face features request
2025-05-08 23:27:33,330 - __main__ - DEBUG - Processing base64 image
2025-05-08 23:27:33,339 - __main__ - DEBUG - Face landmarks detected
2025-05-08 23:27:33,341 - __main__ - DEBUG - Processed face points: {'Left Eye': {'x': 317, 'y': 350}, 'Right Eye': {'x': 422, 'y': 346}, 'Nose': {'x': 371, 'y': 387}, 'Mouth': {'x': 369, 'y': 418}, 'Left Ear': {'x': 286, 'y': 368}, 'Right Ear': {'x': 456, 'y': 364}, 'Chin': {'x': 381, 'y': 476}}
2025-05-08 23:27:33,458 - __main__ - DEBUG - Received face features request
2025-05-08 23:27:33,460 - __main__ - DEBUG - Processing base64 image
2025-05-08 23:27:33,470 - __main__ - DEBUG - Face landmarks detected
2025-05-08 23:27:33,471 - __main__ - DEBUG - Processed face points: {'Left Eye': {'x': 308, 'y': 348}, 'Right Eye': {'x': 428, 'y': 337}, 'Nose': {'x': 368, 'y': 392}, 'Mouth': {'x': 372, 'y': 417}, 'Left Ear': {'x': 284, 'y': 379}, 'Right Ear': {'x': 454, 'y': 364}, 'Chin': {'x': 376, 'y': 480}}
2025-05-08 23:27:33,590 - __main__ - DEBUG - Received face features request
2025-05-08 23:27:33,592 - __main__ - DEBUG - Processing base64 image
2025-05-08 23:27:33,601 - __main__ - DEBUG - Face landmarks detected
2025-05-08 23:27:33,602 - __main__ - DEBUG - Processed face points: {'Left Eye': {'x': 308, 'y': 347}, 'Right Eye': {'x': 426, 'y': 338}, 'Nose': {'x': 366, 'y': 393}, 'Mouth': {'x': 372, 'y': 425}, 'Left Ear': {'x': 285, 'y': 375}, 'Right Ear': {'x': 455, 'y': 362}, 'Chin': {'x': 372, 'y': 472}}
2025-05-08 23:27:33,720 - __main__ - DEBUG - Received face features request
2025-05-08 23:27:33,722 - __main__ - DEBUG - Processing base64 image
2025-05-08 23:27:33,734 - __main__ - DEBUG - Face landmarks detected
2025-05-08 23:27:33,735 - __main__ - DEBUG - Processed face points: {'Left Eye': {'x': 314, 'y': 344}, 'Right Eye': {'x': 426, 'y': 339}, 'Nose': {'x': 368, 'y': 387}, 'Mouth': {'x': 373, 'y': 418}, 'Left Ear': {'x': 285, 'y': 380}, 'Right Ear': {'x': 451, 'y': 364}, 'Chin': {'x': 382, 'y': 472}}
2025-05-08 23:27:33,855 - __main__ - DEBUG - Received face features request
2025-05-08 23:27:33,857 - __main__ - DEBUG - Processing base64 image
2025-05-08 23:27:33,867 - __main__ - DEBUG - Face landmarks detected
2025-05-08 23:27:33,867 - __main__ - DEBUG - Processed face points: {'Left Eye': {'x': 309, 'y': 355}, 'Right Eye': {'x': 425, 'y': 344}, 'Nose': {'x': 373, 'y': 390}, 'Mouth': {'x': 375, 'y': 428}, 'Left Ear': {'x': 288, 'y': 379}, 'Right Ear': {'x': 452, 'y': 371}, 'Chin': {'x': 382, 'y': 475}}
2025-05-08 23:27:33,985 - __main__ - DEBUG - Received face features request
2025-05-08 23:27:33,988 - __main__ - DEBUG - Processing base64 image
2025-05-08 23:27:33,999 - __main__ - DEBUG - Face landmarks detected
2025-05-08 23:27:34,000 - __main__ - DEBUG - Processed face points: {'Left Eye': {'x': 319, 'y': 348}, 'Right Eye': {'x': 431, 'y': 347}, 'Nose': {'x': 371, 'y': 390}, 'Mouth': {'x': 381, 'y': 427}, 'Left Ear': {'x': 295, 'y': 378}, 'Right Ear': {'x': 449, 'y': 366}, 'Chin': {'x': 384, 'y': 475}}
2025-05-08 23:27:34,120 - __main__ - DEBUG - Received face features request
2025-05-08 23:27:34,123 - __main__ - DEBUG - Processing base64 image
2025-05-08 23:27:34,132 - __main__ - DEBUG - Face landmarks detected
2025-05-08 23:27:34,133 - __main__ - DEBUG - Processed face points: {'Left Eye': {'x': 311, 'y': 345}, 'Right Eye': {'x': 428, 'y': 343}, 'Nose': {'x': 374, 'y': 391}, 'Mouth': {'x': 381, 'y': 422}, 'Left Ear': {'x': 292, 'y': 381}, 'Right Ear': {'x': 449, 'y': 368}, 'Chin': {'x': 382, 'y': 478}}
2025-05-08 23:27:34,253 - __main__ - DEBUG - Received face features request
2025-05-08 23:27:34,255 - __main__ - DEBUG - Processing base64 image
2025-05-08 23:27:34,261 - __main__ - DEBUG - Face landmarks detected
2025-05-08 23:27:34,262 - __main__ - DEBUG - Processed face points: {'Left Eye': {'x': 318, 'y': 351}, 'Right Eye': {'x': 423, 'y': 342}, 'Nose': {'x': 375, 'y': 391}, 'Mouth': {'x': 377, 'y': 423}, 'Left Ear': {'x': 288, 'y': 374}, 'Right Ear': {'x': 449, 'y': 364}, 'Chin': {'x': 381, 'y': 475}}
2025-05-08 23:27:34,379 - __main__ - DEBUG - Received face features request
2025-05-08 23:27:34,381 - __main__ - DEBUG - Processing base64 image
2025-05-08 23:27:34,390 - __main__ - DEBUG - Face landmarks detected
2025-05-08 23:27:34,391 - __main__ - DEBUG - Processed face points: {'Left Eye': {'x': 317, 'y': 346}, 'Right Eye': {'x': 433, 'y': 344}, 'Nose': {'x': 380, 'y': 389}, 'Mouth': {'x': 376, 'y': 421}, 'Left Ear': {'x': 292, 'y': 375}, 'Right Ear': {'x': 456, 'y': 371}, 'Chin': {'x': 378, 'y': 476}}
2025-05-08 23:27:34,511 - __main__ - DEBUG - Received face features request
2025-05-08 23:27:34,518 - __main__ - DEBUG - Processing base64 image
2025-05-08 23:27:34,532 - __main__ - DEBUG - Face landmarks detected
2025-05-08 23:27:34,533 - __main__ - DEBUG - Processed face points: {'Left Eye': {'x': 314, 'y': 343}, 'Right Eye': {'x': 430, 'y': 344}, 'Nose': {'x': 380, 'y': 384}, 'Mouth': {'x': 375, 'y': 420}, 'Left Ear': {'x': 286, 'y': 377}, 'Right Ear': {'x': 454, 'y': 362}, 'Chin': {'x': 382, 'y': 476}}
2025-05-08 23:27:34,656 - __main__ - DEBUG - Received face features request
2025-05-08 23:27:34,658 - __main__ - DEBUG - Processing base64 image
2025-05-08 23:27:34,668 - __main__ - DEBUG - Face landmarks detected
2025-05-08 23:27:34,669 - __main__ - DEBUG - Processed face points: {'Left Eye': {'x': 319, 'y': 342}, 'Right Eye': {'x': 434, 'y': 345}, 'Nose': {'x': 372, 'y': 389}, 'Mouth': {'x': 382, 'y': 423}, 'Left Ear': {'x': 293, 'y': 378}, 'Right Ear': {'x': 459, 'y': 370}, 'Chin': {'x': 377, 'y': 475}}
2025-05-08 23:27:34,790 - __main__ - DEBUG - Received face features request
2025-05-08 23:27:34,792 - __main__ - DEBUG - Processing base64 image
2025-05-08 23:27:34,804 - __main__ - DEBUG - Face landmarks detected
2025-05-08 23:27:34,805 - __main__ - DEBUG - Processed face points: {'Left Eye': {'x': 318, 'y': 350}, 'Right Eye': {'x': 425, 'y': 341}, 'Nose': {'x': 377, 'y': 383}, 'Mouth': {'x': 376, 'y': 426}, 'Left Ear': {'x': 294, 'y': 377}, 'Right Ear': {'x': 450, 'y': 368}, 'Chin': {'x': 380, 'y': 473}}
2025-05-08 23:27:34,926 - __main__ - DEBUG - Received face features request
2025-05-08 23:27:34,927 - __main__ - DEBUG - Processing base64 image
2025-05-08 23:27:34,935 - __main__ - DEBUG - Face landmarks detected
2025-05-08 23:27:34,936 - __main__ - DEBUG - Processed face points: {'Left Eye': {'x': 318, 'y': 349}, 'Right Eye': {'x': 434, 'y': 343}, 'Nose': {'x': 378, 'y': 384}, 'Mouth': {'x': 382, 'y': 422}, 'Left Ear': {'x': 295, 'y': 369}, 'Right Ear': {'x': 451, 'y': 366}, 'Chin': {'x': 378, 'y': 476}}
2025-05-08 23:27:35,054 - __main__ - DEBUG - Received face features request
2025-05-08 23:27:35,057 - __main__ - DEBUG - Processing base64 image
2025-05-08 23:27:35,066 - __main__ - DEBUG - Face landmarks detected
2025-05-08 23:27:35,067 - __main__ - DEBUG - Processed face points: {'Left Eye': {'x': 319, 'y': 342}, 'Right Eye': {'x': 422, 'y': 340}, 'Nose': {'x': 367, 'y': 388}, 'Mouth': {'x': 373, 'y': 420}, 'Left Ear': {'x': 295, 'y': 372}, 'Right Ear': {'x': 452, 'y': 366}, 'Chin': {'x': 380, 'y': 473}}
2025-05-08 23:27:35,187 - __main__ - DEBUG - Received face features request
2025-05-08 23:27:35,189 - __main__ - DEBUG - Processing base64 image
2025-05-08 23:27:35,199 - __main__ - DEBUG - Face landmarks detected
2025-05-08 23:27:35,200 - __main__ - DEBUG - Processed face points: {'Left Eye': {'x': 317, 'y': 345}, 'Right Eye': {'x': 420, 'y': 338}, 'Nose': {'x': 371, 'y': 383}, 'Mouth': {'x': 370, 'y': 417}, 'Left Ear': {'x': 291, 'y': 369}, 'Right Ear': {'x': 445, 'y': 366}, 'Chin': {'x': 381, 'y': 477}}
2025-05-08 23:27:35,319 - __main__ - DEBUG - Received face features request
2025-05-08 23:27:35,321 - __main__ - DEBUG - Processing base64 image
2025-05-08 23:27:35,327 - __main__ - DEBUG - Face landmarks detected
2025-05-08 23:27:35,328 - __main__ - DEBUG - Processed face points: {'Left Eye': {'x': 310, 'y': 341}, 'Right Eye': {'x': 428, 'y': 341}, 'Nose': {'x': 365, 'y': 381}, 'Mouth': {'x': 369, 'y': 415}, 'Left Ear': {'x': 293, 'y': 366}, 'Right Ear': {'x': 455, 'y': 365}, 'Chin': {'x': 372, 'y': 476}}
2025-05-08 23:27:35,445 - __main__ - DEBUG - Received face features request
2025-05-08 23:27:35,446 - __main__ - DEBUG - Processing base64 image
2025-05-08 23:27:35,458 - __main__ - DEBUG - Face landmarks detected
2025-05-08 23:27:35,459 - __main__ - DEBUG - Processed face points: {'Left Eye': {'x': 316, 'y': 348}, 'Right Eye': {'x': 422, 'y': 338}, 'Nose': {'x': 370, 'y': 383}, 'Mouth': {'x': 371, 'y': 421}, 'Left Ear': {'x': 284, 'y': 374}, 'Right Ear': {'x': 451, 'y': 360}, 'Chin': {'x': 375, 'y': 471}}
2025-05-08 23:27:35,577 - __main__ - DEBUG - Received face features request
2025-05-08 23:27:35,578 - __main__ - DEBUG - Processing base64 image
2025-05-08 23:27:35,589 - __main__ - DEBUG - Face landmarks detected
2025-05-08 23:27:35,590 - __main__ - DEBUG - Processed face points: {'Left Eye': {'x': 315, 'y': 349}, 'Right Eye': {'x': 428, 'y': 345}, 'Nose': {'x': 370, 'y': 391}, 'Mouth': {'x': 371, 'y': 419}, 'Left Ear': {'x': 285, 'y': 376}, 'Right Ear': {'x': 451, 'y': 366}, 'Chin': {'x': 378, 'y': 476}}
2025-05-08 23:27:35,708 - __main__ - DEBUG - Received face features request
2025-05-08 23:27:35,710 - __main__ - DEBUG - Processing base64 image
2025-05-08 23:27:35,720 - __main__ - DEBUG - Face landmarks detected
2025-05-08 23:27:35,721 - __main__ - DEBUG - Processed face points: {'Left Eye': {'x': 314, 'y': 343}, 'Right Eye': {'x': 428, 'y': 345}, 'Nose': {'x': 364, 'y': 392}, 'Mouth': {'x': 376, 'y': 418}, 'Left Ear': {'x': 283, 'y': 377}, 'Right Ear': {'x': 445, 'y': 364}, 'Chin': {'x': 373, 'y': 474}}
2025-05-08 23:27:35,840 - __main__ - DEBUG - Received face features request
2025-05-08 23:27:35,842 - __main__ - DEBUG - Processing base64 image
2025-05-08 23:27:35,852 - __main__ - DEBUG - Face landmarks detected
2025-05-08 23:27:35,853 - __main__ - DEBUG - Processed face points: {'Left Eye': {'x': 307, 'y': 346}, 'Right Eye': {'x': 419, 'y': 347}, 'Nose': {'x': 365, 'y': 394}, 'Mouth': {'x': 375, 'y': 424}, 'Left Ear': {'x': 284, 'y': 372}, 'Right Ear': {'x': 446, 'y': 365}, 'Chin': {'x': 373, 'y': 479}}
2025-05-08 23:27:35,970 - __main__ - DEBUG - Received face features request
2025-05-08 23:27:35,972 - __main__ - DEBUG - Processing base64 image
2025-05-08 23:27:35,981 - __main__ - DEBUG - Face landmarks detected
2025-05-08 23:27:35,982 - __main__ - DEBUG - Processed face points: {'Left Eye': {'x': 315, 'y': 354}, 'Right Eye': {'x': 427, 'y': 349}, 'Nose': {'x': 368, 'y': 384}, 'Mouth': {'x': 374, 'y': 418}, 'Left Ear': {'x': 293, 'y': 380}, 'Right Ear': {'x': 448, 'y': 363}, 'Chin': {'x': 374, 'y': 476}}
2025-05-08 23:27:36,103 - __main__ - DEBUG - Received face features request
2025-05-08 23:27:36,106 - __main__ - DEBUG - Processing base64 image
2025-05-08 23:27:36,115 - __main__ - DEBUG - Face landmarks detected
2025-05-08 23:27:36,116 - __main__ - DEBUG - Processed face points: {'Left Eye': {'x': 314, 'y': 353}, 'Right Eye': {'x': 426, 'y': 345}, 'Nose': {'x': 371, 'y': 393}, 'Mouth': {'x': 377, 'y': 425}, 'Left Ear': {'x': 289, 'y': 380}, 'Right Ear': {'x': 452, 'y': 372}, 'Chin': {'x': 384, 'y': 480}}
2025-05-08 23:27:36,237 - __main__ - DEBUG - Received face features request
2025-05-08 23:27:36,239 - __main__ - DEBUG - Processing base64 image
2025-05-08 23:27:36,250 - __main__ - DEBUG - Face landmarks detected
2025-05-08 23:27:36,251 - __main__ - DEBUG - Processed face points: {'Left Eye': {'x': 314, 'y': 352}, 'Right Eye': {'x': 429, 'y': 346}, 'Nose': {'x': 373, 'y': 387}, 'Mouth': {'x': 372, 'y': 426}, 'Left Ear': {'x': 286, 'y': 378}, 'Right Ear': {'x': 452, 'y': 367}, 'Chin': {'x': 375, 'y': 480}}
2025-05-08 23:27:36,369 - __main__ - DEBUG - Received face features request
2025-05-08 23:27:36,370 - __main__ - DEBUG - Processing base64 image
2025-05-08 23:27:36,377 - __main__ - DEBUG - Face landmarks detected
2025-05-08 23:27:36,377 - __main__ - DEBUG - Processed face points: {'Left Eye': {'x': 317, 'y': 350}, 'Right Eye': {'x': 430, 'y': 346}, 'Nose': {'x': 372, 'y': 387}, 'Mouth': {'x': 379, 'y': 427}, 'Left Ear': {'x': 291, 'y': 377}, 'Right Ear': {'x': 451, 'y': 371}, 'Chin': {'x': 381, 'y': 479}}
2025-05-08 23:27:36,493 - __main__ - DEBUG - Received face features request
2025-05-08 23:27:36,495 - __main__ - DEBUG - Processing base64 image
2025-05-08 23:27:36,504 - __main__ - DEBUG - Face landmarks detected
2025-05-08 23:27:36,506 - __main__ - DEBUG - Processed face points: {'Left Eye': {'x': 310, 'y': 355}, 'Right Eye': {'x': 432, 'y': 348}, 'Nose': {'x': 377, 'y': 391}, 'Mouth': {'x': 376, 'y': 427}, 'Left Ear': {'x': 291, 'y': 372}, 'Right Ear': {'x': 456, 'y': 367}, 'Chin': {'x': 375, 'y': 473}}
2025-05-08 23:27:36,623 - __main__ - DEBUG - Received face features request
2025-05-08 23:27:36,625 - __main__ - DEBUG - Processing base64 image
2025-05-08 23:27:36,635 - __main__ - DEBUG - Face landmarks detected
2025-05-08 23:27:36,636 - __main__ - DEBUG - Processed face points: {'Left Eye': {'x': 313, 'y': 346}, 'Right Eye': {'x': 427, 'y': 347}, 'Nose': {'x': 370, 'y': 392}, 'Mouth': {'x': 382, 'y': 424}, 'Left Ear': {'x': 297, 'y': 377}, 'Right Ear': {'x': 449, 'y': 366}, 'Chin': {'x': 379, 'y': 480}}
2025-05-08 23:27:36,756 - __main__ - DEBUG - Received face features request
2025-05-08 23:27:36,759 - __main__ - DEBUG - Processing base64 image
2025-05-08 23:27:36,770 - __main__ - DEBUG - Face landmarks detected
2025-05-08 23:27:36,771 - __main__ - DEBUG - Processed face points: {'Left Eye': {'x': 319, 'y': 344}, 'Right Eye': {'x': 428, 'y': 349}, 'Nose': {'x': 374, 'y': 393}, 'Mouth': {'x': 376, 'y': 426}, 'Left Ear': {'x': 288, 'y': 379}, 'Right Ear': {'x': 452, 'y': 363}, 'Chin': {'x': 381, 'y': 476}}
2025-05-08 23:27:36,889 - __main__ - DEBUG - Received face features request
2025-05-08 23:27:36,892 - __main__ - DEBUG - Processing base64 image
2025-05-08 23:27:36,903 - __main__ - DEBUG - Face landmarks detected
2025-05-08 23:27:36,904 - __main__ - DEBUG - Processed face points: {'Left Eye': {'x': 314, 'y': 352}, 'Right Eye': {'x': 421, 'y': 349}, 'Nose': {'x': 376, 'y': 389}, 'Mouth': {'x': 374, 'y': 424}, 'Left Ear': {'x': 287, 'y': 375}, 'Right Ear': {'x': 452, 'y': 369}, 'Chin': {'x': 378, 'y': 474}}
2025-05-08 23:27:37,021 - __main__ - DEBUG - Received face features request
2025-05-08 23:27:37,023 - __main__ - DEBUG - Processing base64 image
2025-05-08 23:27:37,033 - __main__ - DEBUG - Face landmarks detected
2025-05-08 23:27:37,034 - __main__ - DEBUG - Processed face points: {'Left Eye': {'x': 316, 'y': 345}, 'Right Eye': {'x': 430, 'y': 346}, 'Nose': {'x': 375, 'y': 386}, 'Mouth': {'x': 372, 'y': 422}, 'Left Ear': {'x': 293, 'y': 376}, 'Right Ear': {'x': 453, 'y': 372}, 'Chin': {'x': 382, 'y': 480}}
2025-05-08 23:27:37,155 - __main__ - DEBUG - Received face features request
2025-05-08 23:27:37,158 - __main__ - DEBUG - Processing base64 image
2025-05-08 23:27:37,167 - __main__ - DEBUG - Face landmarks detected
2025-05-08 23:27:37,168 - __main__ - DEBUG - Processed face points: {'Left Eye': {'x': 317, 'y': 346}, 'Right Eye': {'x': 426, 'y': 341}, 'Nose': {'x': 379, 'y': 386}, 'Mouth': {'x': 374, 'y': 420}, 'Left Ear': {'x': 287, 'y': 377}, 'Right Ear': {'x': 448, 'y': 370}, 'Chin': {'x': 384, 'y': 473}}
2025-05-08 23:27:37,289 - __main__ - DEBUG - Received face features request
2025-05-08 23:27:37,291 - __main__ - DEBUG - Processing base64 image
2025-05-08 23:27:37,301 - __main__ - DEBUG - Face landmarks detected
2025-05-08 23:27:37,301 - __main__ - DEBUG - Processed face points: {'Left Eye': {'x': 311, 'y': 351}, 'Right Eye': {'x': 425, 'y': 342}, 'Nose': {'x': 380, 'y': 392}, 'Mouth': {'x': 372, 'y': 420}, 'Left Ear': {'x': 288, 'y': 373}, 'Right Ear': {'x': 453, 'y': 364}, 'Chin': {'x': 375, 'y': 480}}
2025-05-08 23:27:37,418 - __main__ - DEBUG - Received face features request
2025-05-08 23:27:37,419 - __main__ - DEBUG - Processing base64 image
2025-05-08 23:27:37,425 - __main__ - DEBUG - Face landmarks detected
2025-05-08 23:27:37,426 - __main__ - DEBUG - Processed face points: {'Left Eye': {'x': 315, 'y': 350}, 'Right Eye': {'x': 426, 'y': 342}, 'Nose': {'x': 380, 'y': 391}, 'Mouth': {'x': 379, 'y': 421}, 'Left Ear': {'x': 291, 'y': 370}, 'Right Ear': {'x': 455, 'y': 364}, 'Chin': {'x': 380, 'y': 471}}
2025-05-08 23:27:37,543 - __main__ - DEBUG - Received face features request
2025-05-08 23:27:37,544 - __main__ - DEBUG - Processing base64 image
2025-05-08 23:27:37,555 - __main__ - DEBUG - Face landmarks detected
2025-05-08 23:27:37,556 - __main__ - DEBUG - Processed face points: {'Left Eye': {'x': 312, 'y': 342}, 'Right Eye': {'x': 431, 'y': 340}, 'Nose': {'x': 378, 'y': 385}, 'Mouth': {'x': 379, 'y': 425}, 'Left Ear': {'x': 289, 'y': 375}, 'Right Ear': {'x': 448, 'y': 372}, 'Chin': {'x': 374, 'y': 480}}
2025-05-08 23:27:37,676 - __main__ - DEBUG - Received face features request
2025-05-08 23:27:37,679 - __main__ - DEBUG - Processing base64 image
2025-05-08 23:27:37,693 - __main__ - DEBUG - Face landmarks detected
2025-05-08 23:27:37,694 - __main__ - DEBUG - Processed face points: {'Left Eye': {'x': 319, 'y': 349}, 'Right Eye': {'x': 422, 'y': 346}, 'Nose': {'x': 371, 'y': 385}, 'Mouth': {'x': 381, 'y': 422}, 'Left Ear': {'x': 285, 'y': 371}, 'Right Ear': {'x': 449, 'y': 362}, 'Chin': {'x': 379, 'y': 479}}
2025-05-08 23:27:37,811 - __main__ - DEBUG - Received face features request
2025-05-08 23:27:37,813 - __main__ - DEBUG - Processing base64 image
2025-05-08 23:27:37,823 - __main__ - DEBUG - Face landmarks detected
2025-05-08 23:27:37,824 - __main__ - DEBUG - Processed face points: {'Left Eye': {'x': 314, 'y': 342}, 'Right Eye': {'x': 432, 'y': 339}, 'Nose': {'x': 377, 'y': 388}, 'Mouth': {'x': 373, 'y': 419}, 'Left Ear': {'x': 288, 'y': 375}, 'Right Ear': {'x': 454, 'y': 368}, 'Chin': {'x': 385, 'y': 480}}
2025-05-08 23:27:37,942 - __main__ - DEBUG - Received face features request
2025-05-08 23:27:37,944 - __main__ - DEBUG - Processing base64 image
2025-05-08 23:27:37,954 - __main__ - DEBUG - Face landmarks detected
2025-05-08 23:27:37,955 - __main__ - DEBUG - Processed face points: {'Left Eye': {'x': 320, 'y': 342}, 'Right Eye': {'x': 431, 'y': 346}, 'Nose': {'x': 379, 'y': 388}, 'Mouth': {'x': 374, 'y': 416}, 'Left Ear': {'x': 287, 'y': 376}, 'Right Ear': {'x': 451, 'y': 362}, 'Chin': {'x': 376, 'y': 480}}
2025-05-08 23:27:38,068 - __main__ - DEBUG - Received face features request
2025-05-08 23:27:38,070 - __main__ - DEBUG - Processing base64 image
2025-05-08 23:27:38,079 - __main__ - DEBUG - Face landmarks detected
2025-05-08 23:27:38,079 - __main__ - DEBUG - Processed face points: {'Left Eye': {'x': 314, 'y': 349}, 'Right Eye': {'x': 426, 'y': 341}, 'Nose': {'x': 375, 'y': 385}, 'Mouth': {'x': 372, 'y': 425}, 'Left Ear': {'x': 292, 'y': 378}, 'Right Ear': {'x': 457, 'y': 365}, 'Chin': {'x': 380, 'y': 475}}
2025-05-08 23:27:38,192 - __main__ - DEBUG - Received face features request
2025-05-08 23:27:38,194 - __main__ - DEBUG - Processing base64 image
2025-05-08 23:27:38,205 - __main__ - DEBUG - Face landmarks detected
2025-05-08 23:27:38,206 - __main__ - DEBUG - Processed face points: {'Left Eye': {'x': 311, 'y': 345}, 'Right Eye': {'x': 426, 'y': 347}, 'Nose': {'x': 370, 'y': 390}, 'Mouth': {'x': 379, 'y': 421}, 'Left Ear': {'x': 288, 'y': 377}, 'Right Ear': {'x': 455, 'y': 371}, 'Chin': {'x': 375, 'y': 476}}
2025-05-08 23:27:38,325 - __main__ - DEBUG - Received face features request
2025-05-08 23:27:38,327 - __main__ - DEBUG - Processing base64 image
2025-05-08 23:27:38,337 - __main__ - DEBUG - Face landmarks detected
2025-05-08 23:27:38,338 - __main__ - DEBUG - Processed face points: {'Left Eye': {'x': 311, 'y': 349}, 'Right Eye': {'x': 428, 'y': 338}, 'Nose': {'x': 370, 'y': 393}, 'Mouth': {'x': 380, 'y': 421}, 'Left Ear': {'x': 296, 'y': 377}, 'Right Ear': {'x': 459, 'y': 367}, 'Chin': {'x': 382, 'y': 480}}
2025-05-08 23:27:38,453 - __main__ - DEBUG - Received face features request
2025-05-08 23:27:38,454 - __main__ - DEBUG - Processing base64 image
2025-05-08 23:27:38,460 - __main__ - DEBUG - Face landmarks detected
2025-05-08 23:27:38,460 - __main__ - DEBUG - Processed face points: {'Left Eye': {'x': 309, 'y': 343}, 'Right Eye': {'x': 423, 'y': 343}, 'Nose': {'x': 370, 'y': 388}, 'Mouth': {'x': 375, 'y': 426}, 'Left Ear': {'x': 289, 'y': 378}, 'Right Ear': {'x': 450, 'y': 367}, 'Chin': {'x': 377, 'y': 475}}
2025-05-08 23:27:38,577 - __main__ - DEBUG - Received face features request
2025-05-08 23:27:38,579 - __main__ - DEBUG - Processing base64 image
2025-05-08 23:27:38,589 - __main__ - DEBUG - Face landmarks detected
2025-05-08 23:27:38,590 - __main__ - DEBUG - Processed face points: {'Left Eye': {'x': 313, 'y': 344}, 'Right Eye': {'x': 426, 'y': 338}, 'Nose': {'x': 373, 'y': 398}, 'Mouth': {'x': 374, 'y': 422}, 'Left Ear': {'x': 290, 'y': 382}, 'Right Ear': {'x': 455, 'y': 365}, 'Chin': {'x': 383, 'y': 480}}
2025-05-08 23:27:38,707 - __main__ - DEBUG - Received face features request
2025-05-08 23:27:38,710 - __main__ - DEBUG - Processing base64 image
2025-05-08 23:27:38,719 - __main__ - DEBUG - Face landmarks detected
2025-05-08 23:27:38,720 - __main__ - DEBUG - Processed face points: {'Left Eye': {'x': 310, 'y': 344}, 'Right Eye': {'x': 425, 'y': 342}, 'Nose': {'x': 368, 'y': 390}, 'Mouth': {'x': 377, 'y': 422}, 'Left Ear': {'x': 289, 'y': 374}, 'Right Ear': {'x': 456, 'y': 369}, 'Chin': {'x': 379, 'y': 480}}
2025-05-08 23:27:38,839 - __main__ - DEBUG - Received face features request
2025-05-08 23:27:38,842 - __main__ - DEBUG - Processing base64 image
2025-05-08 23:27:38,851 - __main__ - DEBUG - Face landmarks detected
2025-05-08 23:27:38,852 - __main__ - DEBUG - Processed face points: {'Left Eye': {'x': 312, 'y': 347}, 'Right Eye': {'x': 421, 'y': 340}, 'Nose': {'x': 377, 'y': 398}, 'Mouth': {'x': 374, 'y': 427}, 'Left Ear': {'x': 285, 'y': 382}, 'Right Ear': {'x': 453, 'y': 370}, 'Chin': {'x': 380, 'y': 480}}
2025-05-08 23:27:38,971 - __main__ - DEBUG - Received face features request
2025-05-08 23:27:38,973 - __main__ - DEBUG - Processing base64 image
2025-05-08 23:27:38,983 - __main__ - DEBUG - Face landmarks detected
2025-05-08 23:27:38,984 - __main__ - DEBUG - Processed face points: {'Left Eye': {'x': 310, 'y': 352}, 'Right Eye': {'x': 428, 'y': 348}, 'Nose': {'x': 373, 'y': 391}, 'Mouth': {'x': 378, 'y': 426}, 'Left Ear': {'x': 288, 'y': 380}, 'Right Ear': {'x': 451, 'y': 365}, 'Chin': {'x': 382, 'y': 476}}
2025-05-08 23:27:39,102 - __main__ - DEBUG - Received face features request
2025-05-08 23:27:39,104 - __main__ - DEBUG - Processing base64 image
2025-05-08 23:27:39,114 - __main__ - DEBUG - Face landmarks detected
2025-05-08 23:27:39,115 - __main__ - DEBUG - Processed face points: {'Left Eye': {'x': 314, 'y': 350}, 'Right Eye': {'x': 430, 'y': 346}, 'Nose': {'x': 375, 'y': 392}, 'Mouth': {'x': 373, 'y': 419}, 'Left Ear': {'x': 287, 'y': 377}, 'Right Ear': {'x': 458, 'y': 370}, 'Chin': {'x': 379, 'y': 480}}
2025-05-08 23:27:39,235 - __main__ - DEBUG - Received face features request
2025-05-08 23:27:39,237 - __main__ - DEBUG - Processing base64 image
2025-05-08 23:27:39,246 - __main__ - DEBUG - Face landmarks detected
2025-05-08 23:27:39,247 - __main__ - DEBUG - Processed face points: {'Left Eye': {'x': 311, 'y': 342}, 'Right Eye': {'x': 422, 'y': 340}, 'Nose': {'x': 378, 'y': 386}, 'Mouth': {'x': 372, 'y': 418}, 'Left Ear': {'x': 294, 'y': 374}, 'Right Ear': {'x': 449, 'y': 364}, 'Chin': {'x': 384, 'y': 475}}
2025-05-08 23:27:39,369 - __main__ - DEBUG - Received face features request
2025-05-08 23:27:39,371 - __main__ - DEBUG - Processing base64 image
2025-05-08 23:27:39,381 - __main__ - DEBUG - Face landmarks detected
2025-05-08 23:27:39,382 - __main__ - DEBUG - Processed face points: {'Left Eye': {'x': 309, 'y': 348}, 'Right Eye': {'x': 427, 'y': 335}, 'Nose': {'x': 376, 'y': 391}, 'Mouth': {'x': 380, 'y': 426}, 'Left Ear': {'x': 286, 'y': 375}, 'Right Ear': {'x': 447, 'y': 361}, 'Chin': {'x': 379, 'y': 480}}
2025-05-08 23:27:39,500 - __main__ - DEBUG - Received face features request
2025-05-08 23:27:39,502 - __main__ - DEBUG - Processing base64 image
2025-05-08 23:27:39,507 - __main__ - DEBUG - Face landmarks detected
2025-05-08 23:27:39,508 - __main__ - DEBUG - Processed face points: {'Left Eye': {'x': 312, 'y': 343}, 'Right Eye': {'x': 428, 'y': 340}, 'Nose': {'x': 372, 'y': 386}, 'Mouth': {'x': 378, 'y': 426}, 'Left Ear': {'x': 286, 'y': 374}, 'Right Ear': {'x': 458, 'y': 359}, 'Chin': {'x': 378, 'y': 478}}
2025-05-08 23:27:39,622 - __main__ - DEBUG - Received face features request
2025-05-08 23:27:39,625 - __main__ - DEBUG - Processing base64 image
2025-05-08 23:27:39,635 - __main__ - DEBUG - Face landmarks detected
2025-05-08 23:27:39,636 - __main__ - DEBUG - Processed face points: {'Left Eye': {'x': 312, 'y': 343}, 'Right Eye': {'x': 430, 'y': 344}, 'Nose': {'x': 376, 'y': 384}, 'Mouth': {'x': 374, 'y': 418}, 'Left Ear': {'x': 285, 'y': 370}, 'Right Ear': {'x': 455, 'y': 365}, 'Chin': {'x': 376, 'y': 480}}
2025-05-08 23:27:39,755 - __main__ - DEBUG - Received face features request
2025-05-08 23:27:39,756 - __main__ - DEBUG - Processing base64 image
2025-05-08 23:27:39,766 - __main__ - DEBUG - Face landmarks detected
2025-05-08 23:27:39,766 - __main__ - DEBUG - Processed face points: {'Left Eye': {'x': 315, 'y': 345}, 'Right Eye': {'x': 424, 'y': 337}, 'Nose': {'x': 368, 'y': 392}, 'Mouth': {'x': 379, 'y': 422}, 'Left Ear': {'x': 285, 'y': 373}, 'Right Ear': {'x': 456, 'y': 365}, 'Chin': {'x': 382, 'y': 480}}
2025-05-08 23:27:39,888 - __main__ - DEBUG - Received face features request
2025-05-08 23:27:39,890 - __main__ - DEBUG - Processing base64 image
2025-05-08 23:27:39,896 - __main__ - DEBUG - Face landmarks detected
2025-05-08 23:27:39,897 - __main__ - DEBUG - Processed face points: {'Left Eye': {'x': 317, 'y': 347}, 'Right Eye': {'x': 423, 'y': 339}, 'Nose': {'x': 367, 'y': 383}, 'Mouth': {'x': 375, 'y': 425}, 'Left Ear': {'x': 286, 'y': 373}, 'Right Ear': {'x': 456, 'y': 362}, 'Chin': {'x': 382, 'y': 480}}
2025-05-08 23:27:40,021 - __main__ - DEBUG - Received face features request
2025-05-08 23:27:40,024 - __main__ - DEBUG - Processing base64 image
2025-05-08 23:27:40,033 - __main__ - DEBUG - Face landmarks detected
2025-05-08 23:27:40,034 - __main__ - DEBUG - Processed face points: {'Left Eye': {'x': 316, 'y': 345}, 'Right Eye': {'x': 421, 'y': 344}, 'Nose': {'x': 372, 'y': 386}, 'Mouth': {'x': 375, 'y': 425}, 'Left Ear': {'x': 285, 'y': 376}, 'Right Ear': {'x': 450, 'y': 359}, 'Chin': {'x': 382, 'y': 480}}
2025-05-08 23:27:40,157 - __main__ - DEBUG - Received face features request
2025-05-08 23:27:40,158 - __main__ - DEBUG - Processing base64 image
2025-05-08 23:27:40,170 - __main__ - DEBUG - Face landmarks detected
2025-05-08 23:27:40,171 - __main__ - DEBUG - Processed face points: {'Left Eye': {'x': 318, 'y': 340}, 'Right Eye': {'x': 423, 'y': 340}, 'Nose': {'x': 373, 'y': 383}, 'Mouth': {'x': 375, 'y': 422}, 'Left Ear': {'x': 288, 'y': 375}, 'Right Ear': {'x': 453, 'y': 362}, 'Chin': {'x': 377, 'y': 474}}
2025-05-08 23:27:40,288 - __main__ - DEBUG - Received face features request
2025-05-08 23:27:40,289 - __main__ - DEBUG - Processing base64 image
2025-05-08 23:27:40,297 - __main__ - DEBUG - Face landmarks detected
2025-05-08 23:27:40,298 - __main__ - DEBUG - Processed face points: {'Left Eye': {'x': 316, 'y': 345}, 'Right Eye': {'x': 423, 'y': 343}, 'Nose': {'x': 377, 'y': 393}, 'Mouth': {'x': 374, 'y': 426}, 'Left Ear': {'x': 292, 'y': 376}, 'Right Ear': {'x': 458, 'y': 363}, 'Chin': {'x': 372, 'y': 473}}
2025-05-08 23:27:40,408 - __main__ - DEBUG - Received face features request
2025-05-08 23:27:40,410 - __main__ - DEBUG - Processing base64 image
2025-05-08 23:27:40,420 - __main__ - DEBUG - Face landmarks detected
2025-05-08 23:27:40,421 - __main__ - DEBUG - Processed face points: {'Left Eye': {'x': 315, 'y': 342}, 'Right Eye': {'x': 423, 'y': 341}, 'Nose': {'x': 372, 'y': 394}, 'Mouth': {'x': 378, 'y': 426}, 'Left Ear': {'x': 294, 'y': 379}, 'Right Ear': {'x': 450, 'y': 363}, 'Chin': {'x': 374, 'y': 473}}
2025-05-08 23:27:40,532 - __main__ - DEBUG - Received face features request
2025-05-08 23:27:40,533 - __main__ - DEBUG - Processing base64 image
2025-05-08 23:27:40,539 - __main__ - DEBUG - Face landmarks detected
2025-05-08 23:27:40,541 - __main__ - DEBUG - Processed face points: {'Left Eye': {'x': 313, 'y': 345}, 'Right Eye': {'x': 428, 'y': 341}, 'Nose': {'x': 376, 'y': 396}, 'Mouth': {'x': 375, 'y': 420}, 'Left Ear': {'x': 289, 'y': 371}, 'Right Ear': {'x': 450, 'y': 372}, 'Chin': {'x': 379, 'y': 478}}
2025-05-08 23:27:40,665 - __main__ - DEBUG - Received face features request
2025-05-08 23:27:40,667 - __main__ - DEBUG - Processing base64 image
2025-05-08 23:27:40,676 - __main__ - DEBUG - Face landmarks detected
2025-05-08 23:27:40,677 - __main__ - DEBUG - Processed face points: {'Left Eye': {'x': 313, 'y': 349}, 'Right Eye': {'x': 423, 'y': 345}, 'Nose': {'x': 371, 'y': 394}, 'Mouth': {'x': 373, 'y': 422}, 'Left Ear': {'x': 287, 'y': 377}, 'Right Ear': {'x': 455, 'y': 370}, 'Chin': {'x': 379, 'y': 476}}
2025-05-08 23:27:40,797 - __main__ - DEBUG - Received face features request
2025-05-08 23:27:40,800 - __main__ - DEBUG - Processing base64 image
2025-05-08 23:27:40,811 - __main__ - DEBUG - Face landmarks detected
2025-05-08 23:27:40,812 - __main__ - DEBUG - Processed face points: {'Left Eye': {'x': 316, 'y': 349}, 'Right Eye': {'x': 427, 'y': 354}, 'Nose': {'x': 374, 'y': 394}, 'Mouth': {'x': 379, 'y': 424}, 'Left Ear': {'x': 287, 'y': 379}, 'Right Ear': {'x': 455, 'y': 377}, 'Chin': {'x': 381, 'y': 480}}
2025-05-08 23:27:40,925 - __main__ - DEBUG - Received face features request
2025-05-08 23:27:40,927 - __main__ - DEBUG - Processing base64 image
2025-05-08 23:27:40,935 - __main__ - DEBUG - Face landmarks detected
2025-05-08 23:27:40,935 - __main__ - DEBUG - Processed face points: {'Left Eye': {'x': 314, 'y': 348}, 'Right Eye': {'x': 429, 'y': 344}, 'Nose': {'x': 379, 'y': 390}, 'Mouth': {'x': 379, 'y': 423}, 'Left Ear': {'x': 292, 'y': 379}, 'Right Ear': {'x': 455, 'y': 376}, 'Chin': {'x': 385, 'y': 478}}
2025-05-08 23:27:41,050 - __main__ - DEBUG - Received face features request
2025-05-08 23:27:41,052 - __main__ - DEBUG - Processing base64 image
2025-05-08 23:27:41,061 - __main__ - DEBUG - Face landmarks detected
2025-05-08 23:27:41,063 - __main__ - DEBUG - Processed face points: {'Left Eye': {'x': 312, 'y': 348}, 'Right Eye': {'x': 423, 'y': 351}, 'Nose': {'x': 374, 'y': 394}, 'Mouth': {'x': 380, 'y': 420}, 'Left Ear': {'x': 289, 'y': 380}, 'Right Ear': {'x': 456, 'y': 375}, 'Chin': {'x': 380, 'y': 480}}
2025-05-08 23:27:41,183 - __main__ - DEBUG - Received face features request
2025-05-08 23:27:41,185 - __main__ - DEBUG - Processing base64 image
2025-05-08 23:27:41,196 - __main__ - DEBUG - Face landmarks detected
2025-05-08 23:27:41,197 - __main__ - DEBUG - Processed face points: {'Left Eye': {'x': 318, 'y': 347}, 'Right Eye': {'x': 424, 'y': 341}, 'Nose': {'x': 378, 'y': 392}, 'Mouth': {'x': 372, 'y': 423}, 'Left Ear': {'x': 295, 'y': 376}, 'Right Ear': {'x': 453, 'y': 365}, 'Chin': {'x': 378, 'y': 480}}
2025-05-08 23:27:41,318 - __main__ - DEBUG - Received face features request
2025-05-08 23:27:41,320 - __main__ - DEBUG - Processing base64 image
2025-05-08 23:27:41,330 - __main__ - DEBUG - Face landmarks detected
2025-05-08 23:27:41,331 - __main__ - DEBUG - Processed face points: {'Left Eye': {'x': 314, 'y': 346}, 'Right Eye': {'x': 432, 'y': 345}, 'Nose': {'x': 370, 'y': 385}, 'Mouth': {'x': 377, 'y': 428}, 'Left Ear': {'x': 296, 'y': 373}, 'Right Ear': {'x': 459, 'y': 370}, 'Chin': {'x': 377, 'y': 474}}
2025-05-08 23:27:41,453 - __main__ - DEBUG - Received face features request
2025-05-08 23:27:41,456 - __main__ - DEBUG - Processing base64 image
2025-05-08 23:27:41,466 - __main__ - DEBUG - Face landmarks detected
2025-05-08 23:27:41,467 - __main__ - DEBUG - Processed face points: {'Left Eye': {'x': 317, 'y': 349}, 'Right Eye': {'x': 426, 'y': 348}, 'Nose': {'x': 374, 'y': 387}, 'Mouth': {'x': 376, 'y': 426}, 'Left Ear': {'x': 296, 'y': 373}, 'Right Ear': {'x': 457, 'y': 368}, 'Chin': {'x': 384, 'y': 480}}
2025-05-08 23:27:41,589 - __main__ - DEBUG - Received face features request
2025-05-08 23:27:41,590 - __main__ - DEBUG - Processing base64 image
2025-05-08 23:27:41,596 - __main__ - DEBUG - Face landmarks detected
2025-05-08 23:27:41,597 - __main__ - DEBUG - Processed face points: {'Left Eye': {'x': 319, 'y': 342}, 'Right Eye': {'x': 425, 'y': 346}, 'Nose': {'x': 373, 'y': 381}, 'Mouth': {'x': 374, 'y': 422}, 'Left Ear': {'x': 293, 'y': 370}, 'Right Ear': {'x': 449, 'y': 368}, 'Chin': {'x': 380, 'y': 472}}
2025-05-08 23:27:41,715 - __main__ - DEBUG - Received face features request
2025-05-08 23:27:41,717 - __main__ - DEBUG - Processing base64 image
2025-05-08 23:27:41,727 - __main__ - DEBUG - Face landmarks detected
2025-05-08 23:27:41,728 - __main__ - DEBUG - Processed face points: {'Left Eye': {'x': 320, 'y': 349}, 'Right Eye': {'x': 427, 'y': 342}, 'Nose': {'x': 379, 'y': 389}, 'Mouth': {'x': 382, 'y': 421}, 'Left Ear': {'x': 291, 'y': 367}, 'Right Ear': {'x': 459, 'y': 365}, 'Chin': {'x': 379, 'y': 471}}
2025-05-08 23:27:41,851 - __main__ - DEBUG - Received face features request
2025-05-08 23:27:41,854 - __main__ - DEBUG - Processing base64 image
2025-05-08 23:27:41,861 - __main__ - DEBUG - Face landmarks detected
2025-05-08 23:27:41,862 - __main__ - DEBUG - Processed face points: {'Left Eye': {'x': 319, 'y': 346}, 'Right Eye': {'x': 432, 'y': 338}, 'Nose': {'x': 386, 'y': 384}, 'Mouth': {'x': 383, 'y': 418}, 'Left Ear': {'x': 296, 'y': 369}, 'Right Ear': {'x': 465, 'y': 365}, 'Chin': {'x': 388, 'y': 467}}
2025-05-08 23:27:41,988 - __main__ - DEBUG - Received face features request
2025-05-08 23:27:41,990 - __main__ - DEBUG - Processing base64 image
2025-05-08 23:27:41,999 - __main__ - DEBUG - Face landmarks detected
2025-05-08 23:27:42,000 - __main__ - DEBUG - Processed face points: {'Left Eye': {'x': 322, 'y': 333}, 'Right Eye': {'x': 438, 'y': 342}, 'Nose': {'x': 377, 'y': 382}, 'Mouth': {'x': 379, 'y': 411}, 'Left Ear': {'x': 300, 'y': 368}, 'Right Ear': {'x': 454, 'y': 364}, 'Chin': {'x': 387, 'y': 466}}
2025-05-08 23:27:42,121 - __main__ - DEBUG - Received face features request
2025-05-08 23:27:42,123 - __main__ - DEBUG - Processing base64 image
2025-05-08 23:27:42,134 - __main__ - DEBUG - Face landmarks detected
2025-05-08 23:27:42,135 - __main__ - DEBUG - Processed face points: {'Left Eye': {'x': 318, 'y': 332}, 'Right Eye': {'x': 435, 'y': 332}, 'Nose': {'x': 378, 'y': 365}, 'Mouth': {'x': 379, 'y': 400}, 'Left Ear': {'x': 286, 'y': 356}, 'Right Ear': {'x': 451, 'y': 352}, 'Chin': {'x': 378, 'y': 453}}
2025-05-08 23:27:42,253 - __main__ - DEBUG - Received face features request
2025-05-08 23:27:42,256 - __main__ - DEBUG - Processing base64 image
2025-05-08 23:27:42,266 - __main__ - DEBUG - Face landmarks detected
2025-05-08 23:27:42,267 - __main__ - DEBUG - Processed face points: {'Left Eye': {'x': 299, 'y': 301}, 'Right Eye': {'x': 413, 'y': 300}, 'Nose': {'x': 357, 'y': 335}, 'Mouth': {'x': 362, 'y': 371}, 'Left Ear': {'x': 276, 'y': 321}, 'Right Ear': {'x': 444, 'y': 326}, 'Chin': {'x': 366, 'y': 432}}
2025-05-08 23:27:42,387 - __main__ - DEBUG - Received face features request
2025-05-08 23:27:42,390 - __main__ - DEBUG - Processing base64 image
2025-05-08 23:27:42,400 - __main__ - DEBUG - Face landmarks detected
2025-05-08 23:27:42,401 - __main__ - DEBUG - Processed face points: {'Left Eye': {'x': 331, 'y': 306}, 'Right Eye': {'x': 428, 'y': 306}, 'Nose': {'x': 401, 'y': 325}, 'Mouth': {'x': 386, 'y': 361}, 'Left Ear': {'x': 276, 'y': 321}, 'Right Ear': {'x': 433, 'y': 330}, 'Chin': {'x': 391, 'y': 425}}
2025-05-08 23:27:42,521 - __main__ - DEBUG - Received face features request
2025-05-08 23:27:42,523 - __main__ - DEBUG - Processing base64 image
2025-05-08 23:27:42,533 - __main__ - DEBUG - Face landmarks detected
2025-05-08 23:27:42,534 - __main__ - DEBUG - Processed face points: {'Left Eye': {'x': 351, 'y': 296}, 'Right Eye': {'x': 439, 'y': 296}, 'Nose': {'x': 419, 'y': 342}, 'Mouth': {'x': 405, 'y': 371}, 'Left Ear': {'x': 294, 'y': 307}, 'Right Ear': {'x': 437, 'y': 312}, 'Chin': {'x': 392, 'y': 420}}
2025-05-08 23:27:42,651 - __main__ - DEBUG - Received face features request
2025-05-08 23:27:42,653 - __main__ - DEBUG - Processing base64 image
2025-05-08 23:27:42,658 - __main__ - DEBUG - Face landmarks detected
2025-05-08 23:27:42,659 - __main__ - DEBUG - Processed face points: {'Left Eye': {'x': 358, 'y': 294}, 'Right Eye': {'x': 447, 'y': 292}, 'Nose': {'x': 423, 'y': 338}, 'Mouth': {'x': 417, 'y': 364}, 'Left Ear': {'x': 297, 'y': 304}, 'Right Ear': {'x': 452, 'y': 305}, 'Chin': {'x': 413, 'y': 413}}
2025-05-08 23:27:42,779 - __main__ - DEBUG - Received face features request
2025-05-08 23:27:42,781 - __main__ - DEBUG - Processing base64 image
2025-05-08 23:27:42,791 - __main__ - DEBUG - Face landmarks detected
2025-05-08 23:27:42,792 - __main__ - DEBUG - Processed face points: {'Left Eye': {'x': 354, 'y': 291}, 'Right Eye': {'x': 448, 'y': 288}, 'Nose': {'x': 426, 'y': 329}, 'Mouth': {'x': 419, 'y': 353}, 'Left Ear': {'x': 304, 'y': 306}, 'Right Ear': {'x': 449, 'y': 296}, 'Chin': {'x': 416, 'y': 395}}
2025-05-08 23:27:42,913 - __main__ - DEBUG - Received face features request
2025-05-08 23:27:42,915 - __main__ - DEBUG - Processing base64 image
2025-05-08 23:27:42,922 - __main__ - DEBUG - Face landmarks detected
2025-05-08 23:27:42,923 - __main__ - DEBUG - Processed face points: {'Left Eye': {'x': 347, 'y': 295}, 'Right Eye': {'x': 454, 'y': 301}, 'Nose': {'x': 418, 'y': 325}, 'Mouth': {'x': 407, 'y': 350}, 'Left Ear': {'x': 300, 'y': 300}, 'Right Ear': {'x': 450, 'y': 307}, 'Chin': {'x': 403, 'y': 398}}
2025-05-08 23:27:43,041 - __main__ - DEBUG - Received face features request
2025-05-08 23:27:43,043 - __main__ - DEBUG - Processing base64 image
2025-05-08 23:27:43,053 - __main__ - DEBUG - Face landmarks detected
2025-05-08 23:27:43,054 - __main__ - DEBUG - Processed face points: {'Left Eye': {'x': 328, 'y': 270}, 'Right Eye': {'x': 440, 'y': 275}, 'Nose': {'x': 390, 'y': 300}, 'Mouth': {'x': 385, 'y': 329}, 'Left Ear': {'x': 299, 'y': 282}, 'Right Ear': {'x': 458, 'y': 295}, 'Chin': {'x': 378, 'y': 387}}
2025-05-08 23:27:43,175 - __main__ - DEBUG - Received face features request
2025-05-08 23:27:43,177 - __main__ - DEBUG - Processing base64 image
2025-05-08 23:27:43,187 - __main__ - DEBUG - Face landmarks detected
2025-05-08 23:27:43,188 - __main__ - DEBUG - Processed face points: {'Left Eye': {'x': 316, 'y': 263}, 'Right Eye': {'x': 445, 'y': 261}, 'Nose': {'x': 386, 'y': 314}, 'Mouth': {'x': 380, 'y': 353}, 'Left Ear': {'x': 297, 'y': 285}, 'Right Ear': {'x': 461, 'y': 290}, 'Chin': {'x': 378, 'y': 393}}
2025-05-08 23:27:43,307 - __main__ - DEBUG - Received face features request
2025-05-08 23:27:43,309 - __main__ - DEBUG - Processing base64 image
2025-05-08 23:27:43,320 - __main__ - DEBUG - Face landmarks detected
2025-05-08 23:27:43,321 - __main__ - DEBUG - Processed face points: {'Left Eye': {'x': 334, 'y': 293}, 'Right Eye': {'x': 435, 'y': 283}, 'Nose': {'x': 392, 'y': 338}, 'Mouth': {'x': 390, 'y': 364}, 'Left Ear': {'x': 304, 'y': 311}, 'Right Ear': {'x': 447, 'y': 315}, 'Chin': {'x': 387, 'y': 420}}
2025-05-08 23:27:43,438 - __main__ - DEBUG - Received face features request
2025-05-08 23:27:43,440 - __main__ - DEBUG - Processing base64 image
2025-05-08 23:27:43,450 - __main__ - DEBUG - Face landmarks detected
2025-05-08 23:27:43,451 - __main__ - DEBUG - Processed face points: {'Left Eye': {'x': 339, 'y': 310}, 'Right Eye': {'x': 446, 'y': 319}, 'Nose': {'x': 391, 'y': 360}, 'Mouth': {'x': 393, 'y': 388}, 'Left Ear': {'x': 303, 'y': 327}, 'Right Ear': {'x': 471, 'y': 344}, 'Chin': {'x': 383, 'y': 441}}
2025-05-08 23:27:43,571 - __main__ - DEBUG - Received face features request
2025-05-08 23:27:43,574 - __main__ - DEBUG - Processing base64 image
2025-05-08 23:27:43,584 - __main__ - DEBUG - Face landmarks detected
2025-05-08 23:27:43,585 - __main__ - DEBUG - Processed face points: {'Left Eye': {'x': 347, 'y': 325}, 'Right Eye': {'x': 463, 'y': 328}, 'Nose': {'x': 405, 'y': 370}, 'Mouth': {'x': 402, 'y': 406}, 'Left Ear': {'x': 313, 'y': 349}, 'Right Ear': {'x': 482, 'y': 359}, 'Chin': {'x': 394, 'y': 456}}
2025-05-08 23:27:43,718 - __main__ - DEBUG - Received face features request
2025-05-08 23:27:43,719 - __main__ - DEBUG - Processing base64 image
2025-05-08 23:27:43,725 - __main__ - DEBUG - Face landmarks detected
2025-05-08 23:27:43,726 - __main__ - DEBUG - Processed face points: {'Left Eye': {'x': 335, 'y': 327}, 'Right Eye': {'x': 449, 'y': 332}, 'Nose': {'x': 393, 'y': 371}, 'Mouth': {'x': 397, 'y': 409}, 'Left Ear': {'x': 310, 'y': 355}, 'Right Ear': {'x': 472, 'y': 354}, 'Chin': {'x': 387, 'y': 464}}
2025-05-08 23:27:43,851 - __main__ - DEBUG - Received face features request
2025-05-08 23:27:43,853 - __main__ - DEBUG - Processing base64 image
2025-05-08 23:27:43,862 - __main__ - DEBUG - Face landmarks detected
2025-05-08 23:27:43,864 - __main__ - DEBUG - Processed face points: {'Left Eye': {'x': 328, 'y': 326}, 'Right Eye': {'x': 439, 'y': 331}, 'Nose': {'x': 390, 'y': 367}, 'Mouth': {'x': 385, 'y': 408}, 'Left Ear': {'x': 299, 'y': 349}, 'Right Ear': {'x': 469, 'y': 355}, 'Chin': {'x': 382, 'y': 464}}
2025-05-08 23:27:43,984 - __main__ - DEBUG - Received face features request
2025-05-08 23:27:43,986 - __main__ - DEBUG - Processing base64 image
2025-05-08 23:27:43,996 - __main__ - DEBUG - Face landmarks detected
2025-05-08 23:27:43,997 - __main__ - DEBUG - Processed face points: {'Left Eye': {'x': 325, 'y': 329}, 'Right Eye': {'x': 448, 'y': 323}, 'Nose': {'x': 388, 'y': 370}, 'Mouth': {'x': 381, 'y': 400}, 'Left Ear': {'x': 297, 'y': 348}, 'Right Ear': {'x': 460, 'y': 358}, 'Chin': {'x': 389, 'y': 455}}
2025-05-08 23:27:44,117 - __main__ - DEBUG - Received face features request
2025-05-08 23:27:44,120 - __main__ - DEBUG - Processing base64 image
2025-05-08 23:27:44,129 - __main__ - DEBUG - Face landmarks detected
2025-05-08 23:27:44,130 - __main__ - DEBUG - Processed face points: {'Left Eye': {'x': 327, 'y': 327}, 'Right Eye': {'x': 444, 'y': 332}, 'Nose': {'x': 388, 'y': 373}, 'Mouth': {'x': 387, 'y': 407}, 'Left Ear': {'x': 296, 'y': 353}, 'Right Ear': {'x': 468, 'y': 351}, 'Chin': {'x': 389, 'y': 460}}
2025-05-08 23:27:44,249 - __main__ - DEBUG - Received face features request
2025-05-08 23:27:44,251 - __main__ - DEBUG - Processing base64 image
2025-05-08 23:27:44,261 - __main__ - DEBUG - Face landmarks detected
2025-05-08 23:27:44,262 - __main__ - DEBUG - Processed face points: {'Left Eye': {'x': 326, 'y': 326}, 'Right Eye': {'x': 444, 'y': 328}, 'Nose': {'x': 381, 'y': 367}, 'Mouth': {'x': 379, 'y': 409}, 'Left Ear': {'x': 300, 'y': 355}, 'Right Ear': {'x': 464, 'y': 352}, 'Chin': {'x': 379, 'y': 464}}
2025-05-08 23:27:44,381 - __main__ - DEBUG - Received face features request
2025-05-08 23:27:44,383 - __main__ - DEBUG - Processing base64 image
2025-05-08 23:27:44,393 - __main__ - DEBUG - Face landmarks detected
2025-05-08 23:27:44,394 - __main__ - DEBUG - Processed face points: {'Left Eye': {'x': 324, 'y': 331}, 'Right Eye': {'x': 438, 'y': 329}, 'Nose': {'x': 380, 'y': 367}, 'Mouth': {'x': 382, 'y': 401}, 'Left Ear': {'x': 298, 'y': 356}, 'Right Ear': {'x': 460, 'y': 356}, 'Chin': {'x': 385, 'y': 458}}
2025-05-08 23:27:44,518 - __main__ - DEBUG - Received face features request
2025-05-08 23:27:44,520 - __main__ - DEBUG - Processing base64 image
2025-05-08 23:27:44,529 - __main__ - DEBUG - Face landmarks detected
2025-05-08 23:27:44,530 - __main__ - DEBUG - Processed face points: {'Left Eye': {'x': 324, 'y': 322}, 'Right Eye': {'x': 439, 'y': 328}, 'Nose': {'x': 382, 'y': 366}, 'Mouth': {'x': 382, 'y': 401}, 'Left Ear': {'x': 301, 'y': 351}, 'Right Ear': {'x': 467, 'y': 355}, 'Chin': {'x': 386, 'y': 460}}
2025-05-08 23:27:44,650 - __main__ - DEBUG - Received face features request
2025-05-08 23:27:44,651 - __main__ - DEBUG - Processing base64 image
2025-05-08 23:27:44,661 - __main__ - DEBUG - Face landmarks detected
2025-05-08 23:27:44,662 - __main__ - DEBUG - Processed face points: {'Left Eye': {'x': 328, 'y': 324}, 'Right Eye': {'x': 441, 'y': 324}, 'Nose': {'x': 380, 'y': 369}, 'Mouth': {'x': 380, 'y': 410}, 'Left Ear': {'x': 294, 'y': 357}, 'Right Ear': {'x': 463, 'y': 355}, 'Chin': {'x': 384, 'y': 459}}
2025-05-08 23:27:44,781 - __main__ - DEBUG - Received face features request
2025-05-08 23:27:44,782 - __main__ - DEBUG - Processing base64 image
2025-05-08 23:27:44,788 - __main__ - DEBUG - Face landmarks detected
2025-05-08 23:27:44,788 - __main__ - DEBUG - Processed face points: {'Left Eye': {'x': 328, 'y': 331}, 'Right Eye': {'x': 440, 'y': 329}, 'Nose': {'x': 380, 'y': 376}, 'Mouth': {'x': 382, 'y': 410}, 'Left Ear': {'x': 299, 'y': 356}, 'Right Ear': {'x': 459, 'y': 357}, 'Chin': {'x': 379, 'y': 464}}
2025-05-08 23:30:02,832 - __main__ - DEBUG - Received emotion detection request
2025-05-08 23:30:02,834 - __main__ - DEBUG - Processing base64 image
2025-05-08 23:30:02,916 - __main__ - DEBUG - Found 1 faces in the image
2025-05-08 23:30:05,484 - __main__ - DEBUG - Detected emotion: Fear
2025-05-08 23:30:06,509 - __main__ - DEBUG - Received emotion detection request
2025-05-08 23:30:06,511 - __main__ - DEBUG - Processing base64 image
2025-05-08 23:30:06,550 - __main__ - DEBUG - Found 1 faces in the image
2025-05-08 23:30:06,597 - __main__ - DEBUG - Detected emotion: Neutral
2025-05-08 23:42:03,388 - __main__ - INFO - Loading emotion detection model...
2025-05-08 23:42:04,044 - __main__ - INFO - Model loaded successfully
2025-05-08 23:42:08,783 - __main__ - INFO - Loading emotion detection model...
2025-05-08 23:42:09,352 - __main__ - INFO - Model loaded successfully
2025-05-09 00:17:34,591 - __main__ - INFO - Loading emotion detection model...
2025-05-09 00:17:35,301 - __main__ - INFO - Model loaded successfully
2025-05-09 00:17:40,564 - __main__ - INFO - Loading emotion detection model...
2025-05-09 00:17:41,150 - __main__ - INFO - Model loaded successfully
2025-05-09 00:18:52,295 - __main__ - INFO - Loading emotion detection model...
2025-05-09 00:18:52,988 - __main__ - INFO - Model loaded successfully
2025-05-09 00:18:57,680 - __main__ - INFO - Loading emotion detection model...
2025-05-09 00:18:58,275 - __main__ - INFO - Model loaded successfully
2025-05-09 00:22:18,011 - __main__ - INFO - Loading emotion detection model...
2025-05-09 00:22:18,660 - __main__ - INFO - Model loaded successfully
2025-05-09 00:22:23,504 - __main__ - INFO - Loading emotion detection model...
2025-05-09 00:22:24,112 - __main__ - INFO - Model loaded successfully
2025-05-09 00:26:45,665 - __main__ - INFO - Loading emotion detection model...
2025-05-09 00:26:46,297 - __main__ - INFO - Model loaded successfully
2025-05-09 00:26:51,030 - __main__ - INFO - Loading emotion detection model...
2025-05-09 00:26:51,609 - __main__ - INFO - Model loaded successfully
2025-05-09 00:29:43,029 - __main__ - INFO - Loading emotion detection model...
2025-05-09 00:29:43,721 - __main__ - INFO - Model loaded successfully
2025-05-09 00:29:48,488 - __main__ - INFO - Loading emotion detection model...
2025-05-09 00:29:49,068 - __main__ - INFO - Model loaded successfully
2025-05-09 10:04:58,661 - __main__ - INFO - Loading emotion detection model...
2025-05-09 10:04:59,438 - __main__ - INFO - Model loaded successfully
2025-05-09 10:05:04,823 - __main__ - INFO - Loading emotion detection model...
2025-05-09 10:05:05,425 - __main__ - INFO - Model loaded successfully
2025-05-09 12:22:18,472 - __main__ - INFO - Loading emotion detection model...
2025-05-09 12:22:19,258 - __main__ - INFO - Model loaded successfully
2025-05-09 12:22:24,214 - __main__ - INFO - Loading emotion detection model...
2025-05-09 12:22:24,840 - __main__ - INFO - Model loaded successfully
2025-05-09 12:53:04,983 - __main__ - ERROR - Speech recognition could not understand audio
2025-05-09 13:36:19,958 - __main__ - DEBUG - Received face features request
2025-05-09 13:36:19,962 - __main__ - DEBUG - Processing base64 image
2025-05-09 13:36:21,131 - __main__ - ERROR - Error processing base64 image: cannot identify image file <_io.BytesIO object at 0x300fb98f0>
2025-05-09 13:36:21,131 - __main__ - ERROR - Error in start_face_features: cannot identify image file <_io.BytesIO object at 0x300fb98f0>
2025-05-09 13:36:25,012 - __main__ - DEBUG - Received emotion detection request
2025-05-09 13:36:25,013 - __main__ - DEBUG - Processing base64 image
2025-05-09 13:36:25,013 - __main__ - ERROR - Error processing base64 image: cannot identify image file <_io.BytesIO object at 0x31bbcb010>
2025-05-09 13:36:25,013 - __main__ - ERROR - Error in detect_emotion: cannot identify image file <_io.BytesIO object at 0x31bbcb010>
2025-05-09 13:36:26,020 - __main__ - DEBUG - Received emotion detection request
2025-05-09 13:36:26,022 - __main__ - DEBUG - Processing base64 image
2025-05-09 13:36:26,023 - __main__ - ERROR - Error processing base64 image: cannot identify image file <_io.BytesIO object at 0x300f00f40>
2025-05-09 13:36:26,023 - __main__ - ERROR - Error in detect_emotion: cannot identify image file <_io.BytesIO object at 0x300f00f40>
2025-05-09 13:36:27,029 - __main__ - DEBUG - Received emotion detection request
2025-05-09 13:36:27,030 - __main__ - DEBUG - Processing base64 image
2025-05-09 13:36:27,031 - __main__ - ERROR - Error processing base64 image: cannot identify image file <_io.BytesIO object at 0x3010a16c0>
2025-05-09 13:36:27,031 - __main__ - ERROR - Error in detect_emotion: cannot identify image file <_io.BytesIO object at 0x3010a16c0>
2025-05-09 13:36:28,037 - __main__ - DEBUG - Received emotion detection request
2025-05-09 13:36:28,038 - __main__ - DEBUG - Processing base64 image
2025-05-09 13:36:28,038 - __main__ - ERROR - Error processing base64 image: cannot identify image file <_io.BytesIO object at 0x300fbaac0>
2025-05-09 13:36:28,038 - __main__ - ERROR - Error in detect_emotion: cannot identify image file <_io.BytesIO object at 0x300fbaac0>
2025-05-09 13:36:29,045 - __main__ - DEBUG - Received emotion detection request
2025-05-09 13:36:29,047 - __main__ - DEBUG - Processing base64 image
2025-05-09 13:36:29,047 - __main__ - ERROR - Error processing base64 image: cannot identify image file <_io.BytesIO object at 0x31bbcbb00>
2025-05-09 13:36:29,047 - __main__ - ERROR - Error in detect_emotion: cannot identify image file <_io.BytesIO object at 0x31bbcbb00>
2025-05-09 13:49:59,550 - __main__ - INFO - Loading emotion detection model...
2025-05-09 13:49:59,550 - __main__ - INFO - Loading emotion detection model...
2025-05-09 13:50:00,243 - __main__ - INFO - Model loaded successfully
2025-05-09 13:50:00,243 - __main__ - INFO - Model loaded successfully
2025-06-02 14:49:59,677 - __main__ - INFO - Loading emotion detection model...
2025-06-02 14:50:00,382 - __main__ - INFO - Model loaded successfully
2025-06-02 14:50:07,346 - __main__ - INFO - Loading emotion detection model...
2025-06-02 14:50:07,932 - __main__ - INFO - Model loaded successfully
2025-06-14 09:11:32,119 - __main__ - INFO - Loading emotion detection model...
2025-06-14 09:11:32,773 - __main__ - INFO - Model loaded successfully
2025-06-14 09:11:39,640 - __main__ - INFO - Loading emotion detection model...
2025-06-14 09:11:40,203 - __main__ - INFO - Model loaded successfully
2025-06-14 11:03:40,020 - __main__ - ERROR - Speech recognition could not understand audio
2025-07-13 15:53:53,447 - __main__ - INFO - Loading emotion detection model...
2025-07-13 15:53:54,167 - __main__ - INFO - Model loaded successfully
2025-07-13 15:54:01,398 - __main__ - INFO - Loading emotion detection model...
2025-07-13 15:54:01,981 - __main__ - INFO - Model loaded successfully
2025-11-06 11:55:26,481 - __main__ - INFO - Loading emotion detection model...
2025-11-06 11:55:27,145 - __main__ - INFO - Model loaded successfully
2025-11-06 11:55:33,983 - __main__ - INFO - Loading emotion detection model...
2025-11-06 11:55:34,565 - __main__ - INFO - Model loaded successfully
2026-05-21 13:28:07,699 - __main__ - INFO - Loading emotion detection model...
2026-05-21 13:28:08,319 - __main__ - INFO - Model loaded successfully
2026-05-21 13:28:22,075 - __main__ - INFO - Loading emotion detection model...
2026-05-21 13:28:23,046 - __main__ - INFO - Model loaded successfully
2026-05-21 13:38:11,659 - __main__ - DEBUG - Received face features request
2026-05-21 13:38:11,660 - __main__ - DEBUG - Processing base64 image
2026-05-21 13:38:11,696 - __main__ - DEBUG - Face landmarks detected
2026-05-21 13:38:11,697 - __main__ - DEBUG - Processed face points: {'Left Eye': {'x': 322, 'y': 328}, 'Right Eye': {'x': 411, 'y': 326}, 'Nose': {'x': 380, 'y': 365}, 'Mouth': {'x': 375, 'y': 394}, 'Left Ear': {'x': 286, 'y': 339}, 'Right Ear': {'x': 415, 'y': 346}, 'Chin': {'x': 364, 'y': 424}}
2026-05-21 13:38:11,827 - __main__ - DEBUG - Received face features request
2026-05-21 13:38:11,829 - __main__ - DEBUG - Processing base64 image
2026-05-21 13:38:11,840 - __main__ - DEBUG - Face landmarks detected
2026-05-21 13:38:11,841 - __main__ - DEBUG - Processed face points: {'Left Eye': {'x': 316, 'y': 325}, 'Right Eye': {'x': 414, 'y': 332}, 'Nose': {'x': 373, 'y': 365}, 'Mouth': {'x': 366, 'y': 395}, 'Left Ear': {'x': 286, 'y': 331}, 'Right Ear': {'x': 421, 'y': 349}, 'Chin': {'x': 366, 'y': 426}}
2026-05-21 13:38:11,965 - __main__ - DEBUG - Received face features request
2026-05-21 13:38:11,967 - __main__ - DEBUG - Processing base64 image
2026-05-21 13:38:11,978 - __main__ - DEBUG - Face landmarks detected
2026-05-21 13:38:11,978 - __main__ - DEBUG - Processed face points: {'Left Eye': {'x': 318, 'y': 329}, 'Right Eye': {'x': 413, 'y': 331}, 'Nose': {'x': 379, 'y': 371}, 'Mouth': {'x': 373, 'y': 394}, 'Left Ear': {'x': 284, 'y': 334}, 'Right Ear': {'x': 413, 'y': 348}, 'Chin': {'x': 361, 'y': 433}}
2026-05-21 13:38:12,093 - __main__ - DEBUG - Received face features request
2026-05-21 13:38:12,096 - __main__ - DEBUG - Processing base64 image
2026-05-21 13:38:12,107 - __main__ - DEBUG - Face landmarks detected
2026-05-21 13:38:12,108 - __main__ - DEBUG - Processed face points: {'Left Eye': {'x': 315, 'y': 321}, 'Right Eye': {'x': 414, 'y': 327}, 'Nose': {'x': 373, 'y': 371}, 'Mouth': {'x': 361, 'y': 397}, 'Left Ear': {'x': 284, 'y': 337}, 'Right Ear': {'x': 419, 'y': 342}, 'Chin': {'x': 359, 'y': 437}}
2026-05-21 13:38:12,231 - __main__ - DEBUG - Received face features request
2026-05-21 13:38:12,233 - __main__ - DEBUG - Processing base64 image
2026-05-21 13:38:12,242 - __main__ - DEBUG - Face landmarks detected
2026-05-21 13:38:12,243 - __main__ - DEBUG - Processed face points: {'Left Eye': {'x': 313, 'y': 320}, 'Right Eye': {'x': 412, 'y': 333}, 'Nose': {'x': 375, 'y': 367}, 'Mouth': {'x': 361, 'y': 399}, 'Left Ear': {'x': 281, 'y': 333}, 'Right Ear': {'x': 415, 'y': 346}, 'Chin': {'x': 357, 'y': 430}}
2026-05-21 13:38:12,367 - __main__ - DEBUG - Received face features request
2026-05-21 13:38:12,369 - __main__ - DEBUG - Processing base64 image
2026-05-21 13:38:12,380 - __main__ - DEBUG - Face landmarks detected
2026-05-21 13:38:12,381 - __main__ - DEBUG - Processed face points: {'Left Eye': {'x': 312, 'y': 325}, 'Right Eye': {'x': 411, 'y': 327}, 'Nose': {'x': 376, 'y': 367}, 'Mouth': {'x': 367, 'y': 394}, 'Left Ear': {'x': 286, 'y': 334}, 'Right Ear': {'x': 414, 'y': 347}, 'Chin': {'x': 358, 'y': 433}}
2026-05-21 13:38:12,497 - __main__ - DEBUG - Received face features request
2026-05-21 13:38:12,498 - __main__ - DEBUG - Processing base64 image
2026-05-21 13:38:12,506 - __main__ - DEBUG - Face landmarks detected
2026-05-21 13:38:12,508 - __main__ - DEBUG - Processed face points: {'Left Eye': {'x': 316, 'y': 326}, 'Right Eye': {'x': 410, 'y': 332}, 'Nose': {'x': 375, 'y': 366}, 'Mouth': {'x': 360, 'y': 395}, 'Left Ear': {'x': 281, 'y': 332}, 'Right Ear': {'x': 413, 'y': 346}, 'Chin': {'x': 354, 'y': 437}}
2026-05-21 13:38:12,630 - __main__ - DEBUG - Received face features request
2026-05-21 13:38:12,631 - __main__ - DEBUG - Processing base64 image
2026-05-21 13:38:12,641 - __main__ - DEBUG - Face landmarks detected
2026-05-21 13:38:12,643 - __main__ - DEBUG - Processed face points: {'Left Eye': {'x': 317, 'y': 318}, 'Right Eye': {'x': 408, 'y': 322}, 'Nose': {'x': 369, 'y': 369}, 'Mouth': {'x': 361, 'y': 392}, 'Left Ear': {'x': 284, 'y': 340}, 'Right Ear': {'x': 413, 'y': 340}, 'Chin': {'x': 359, 'y': 432}}
2026-05-21 13:38:12,763 - __main__ - DEBUG - Received face features request
2026-05-21 13:38:12,764 - __main__ - DEBUG - Processing base64 image
2026-05-21 13:38:12,777 - __main__ - DEBUG - Face landmarks detected
2026-05-21 13:38:12,778 - __main__ - DEBUG - Processed face points: {'Left Eye': {'x': 319, 'y': 321}, 'Right Eye': {'x': 403, 'y': 332}, 'Nose': {'x': 372, 'y': 366}, 'Mouth': {'x': 357, 'y': 397}, 'Left Ear': {'x': 278, 'y': 333}, 'Right Ear': {'x': 411, 'y': 343}, 'Chin': {'x': 361, 'y': 431}}
2026-05-21 13:38:12,893 - __main__ - DEBUG - Received face features request
2026-05-21 13:38:12,894 - __main__ - DEBUG - Processing base64 image
2026-05-21 13:38:12,902 - __main__ - DEBUG - Face landmarks detected
2026-05-21 13:38:12,904 - __main__ - DEBUG - Processed face points: {'Left Eye': {'x': 320, 'y': 318}, 'Right Eye': {'x': 402, 'y': 330}, 'Nose': {'x': 372, 'y': 362}, 'Mouth': {'x': 360, 'y': 399}, 'Left Ear': {'x': 279, 'y': 332}, 'Right Ear': {'x': 410, 'y': 340}, 'Chin': {'x': 351, 'y': 430}}
2026-05-21 13:38:13,030 - __main__ - DEBUG - Received face features request
2026-05-21 13:38:13,032 - __main__ - DEBUG - Processing base64 image
2026-05-21 13:38:13,044 - __main__ - DEBUG - Face landmarks detected
2026-05-21 13:38:13,045 - __main__ - DEBUG - Processed face points: {'Left Eye': {'x': 314, 'y': 320}, 'Right Eye': {'x': 410, 'y': 322}, 'Nose': {'x': 371, 'y': 367}, 'Mouth': {'x': 365, 'y': 395}, 'Left Ear': {'x': 280, 'y': 332}, 'Right Ear': {'x': 411, 'y': 345}, 'Chin': {'x': 351, 'y': 432}}
2026-05-21 13:38:13,165 - __main__ - DEBUG - Received face features request
2026-05-21 13:38:13,167 - __main__ - DEBUG - Processing base64 image
2026-05-21 13:38:13,179 - __main__ - DEBUG - Face landmarks detected
2026-05-21 13:38:13,180 - __main__ - DEBUG - Processed face points: {'Left Eye': {'x': 318, 'y': 319}, 'Right Eye': {'x': 407, 'y': 323}, 'Nose': {'x': 364, 'y': 369}, 'Mouth': {'x': 366, 'y': 399}, 'Left Ear': {'x': 282, 'y': 339}, 'Right Ear': {'x': 417, 'y': 344}, 'Chin': {'x': 356, 'y': 437}}
2026-05-21 13:38:13,293 - __main__ - DEBUG - Received face features request
2026-05-21 13:38:13,294 - __main__ - DEBUG - Processing base64 image
2026-05-21 13:38:13,305 - __main__ - DEBUG - Face landmarks detected
2026-05-21 13:38:13,306 - __main__ - DEBUG - Processed face points: {'Left Eye': {'x': 316, 'y': 327}, 'Right Eye': {'x': 403, 'y': 332}, 'Nose': {'x': 363, 'y': 367}, 'Mouth': {'x': 365, 'y': 398}, 'Left Ear': {'x': 288, 'y': 338}, 'Right Ear': {'x': 418, 'y': 340}, 'Chin': {'x': 356, 'y': 438}}
2026-05-21 13:38:13,420 - __main__ - DEBUG - Received face features request
2026-05-21 13:38:13,422 - __main__ - DEBUG - Processing base64 image
2026-05-21 13:38:13,433 - __main__ - DEBUG - Face landmarks detected
2026-05-21 13:38:13,434 - __main__ - DEBUG - Processed face points: {'Left Eye': {'x': 311, 'y': 318}, 'Right Eye': {'x': 409, 'y': 326}, 'Nose': {'x': 374, 'y': 361}, 'Mouth': {'x': 368, 'y': 398}, 'Left Ear': {'x': 285, 'y': 335}, 'Right Ear': {'x': 410, 'y': 345}, 'Chin': {'x': 358, 'y': 439}}
2026-05-21 13:38:13,553 - __main__ - DEBUG - Received face features request
2026-05-21 13:38:13,554 - __main__ - DEBUG - Processing base64 image
2026-05-21 13:38:13,565 - __main__ - DEBUG - Face landmarks detected
2026-05-21 13:38:13,566 - __main__ - DEBUG - Processed face points: {'Left Eye': {'x': 315, 'y': 328}, 'Right Eye': {'x': 403, 'y': 324}, 'Nose': {'x': 370, 'y': 365}, 'Mouth': {'x': 365, 'y': 399}, 'Left Ear': {'x': 281, 'y': 332}, 'Right Ear': {'x': 414, 'y': 348}, 'Chin': {'x': 353, 'y': 437}}
2026-05-21 13:38:13,681 - __main__ - DEBUG - Received face features request
2026-05-21 13:38:13,681 - __main__ - DEBUG - Processing base64 image
2026-05-21 13:38:13,692 - __main__ - DEBUG - Face landmarks detected
2026-05-21 13:38:13,693 - __main__ - DEBUG - Processed face points: {'Left Eye': {'x': 312, 'y': 321}, 'Right Eye': {'x': 407, 'y': 324}, 'Nose': {'x': 365, 'y': 364}, 'Mouth': {'x': 362, 'y': 391}, 'Left Ear': {'x': 281, 'y': 331}, 'Right Ear': {'x': 415, 'y': 339}, 'Chin': {'x': 354, 'y': 438}}
2026-05-21 13:38:13,804 - __main__ - DEBUG - Received face features request
2026-05-21 13:38:13,807 - __main__ - DEBUG - Processing base64 image
2026-05-21 13:38:13,818 - __main__ - DEBUG - Face landmarks detected
2026-05-21 13:38:13,819 - __main__ - DEBUG - Processed face points: {'Left Eye': {'x': 308, 'y': 319}, 'Right Eye': {'x': 410, 'y': 332}, 'Nose': {'x': 369, 'y': 361}, 'Mouth': {'x': 360, 'y': 399}, 'Left Ear': {'x': 279, 'y': 333}, 'Right Ear': {'x': 411, 'y': 350}, 'Chin': {'x': 352, 'y': 438}}
2026-05-21 13:38:13,945 - __main__ - DEBUG - Received face features request
2026-05-21 13:38:13,946 - __main__ - DEBUG - Processing base64 image
2026-05-21 13:38:13,962 - __main__ - DEBUG - Face landmarks detected
2026-05-21 13:38:13,963 - __main__ - DEBUG - Processed face points: {'Left Eye': {'x': 310, 'y': 325}, 'Right Eye': {'x': 405, 'y': 327}, 'Nose': {'x': 369, 'y': 369}, 'Mouth': {'x': 356, 'y': 400}, 'Left Ear': {'x': 284, 'y': 335}, 'Right Ear': {'x': 415, 'y': 343}, 'Chin': {'x': 350, 'y': 434}}
2026-05-21 13:38:14,079 - __main__ - DEBUG - Received face features request
2026-05-21 13:38:14,080 - __main__ - DEBUG - Processing base64 image
2026-05-21 13:38:14,089 - __main__ - DEBUG - Face landmarks detected
2026-05-21 13:38:14,090 - __main__ - DEBUG - Processed face points: {'Left Eye': {'x': 310, 'y': 324}, 'Right Eye': {'x': 409, 'y': 329}, 'Nose': {'x': 363, 'y': 363}, 'Mouth': {'x': 360, 'y': 390}, 'Left Ear': {'x': 276, 'y': 339}, 'Right Ear': {'x': 410, 'y': 345}, 'Chin': {'x': 354, 'y': 438}}
2026-05-21 13:38:14,213 - __main__ - DEBUG - Received face features request
2026-05-21 13:38:14,214 - __main__ - DEBUG - Processing base64 image
2026-05-21 13:38:14,226 - __main__ - DEBUG - Face landmarks detected
2026-05-21 13:38:14,228 - __main__ - DEBUG - Processed face points: {'Left Eye': {'x': 316, 'y': 321}, 'Right Eye': {'x': 402, 'y': 334}, 'Nose': {'x': 375, 'y': 360}, 'Mouth': {'x': 361, 'y': 393}, 'Left Ear': {'x': 285, 'y': 337}, 'Right Ear': {'x': 418, 'y': 341}, 'Chin': {'x': 360, 'y': 432}}
2026-05-21 13:38:14,351 - __main__ - DEBUG - Received face features request
2026-05-21 13:38:14,353 - __main__ - DEBUG - Processing base64 image
2026-05-21 13:38:14,363 - __main__ - DEBUG - Face landmarks detected
2026-05-21 13:38:14,365 - __main__ - DEBUG - Processed face points: {'Left Eye': {'x': 312, 'y': 327}, 'Right Eye': {'x': 403, 'y': 329}, 'Nose': {'x': 367, 'y': 368}, 'Mouth': {'x': 361, 'y': 397}, 'Left Ear': {'x': 283, 'y': 342}, 'Right Ear': {'x': 411, 'y': 343}, 'Chin': {'x': 349, 'y': 436}}
2026-05-21 13:38:14,477 - __main__ - DEBUG - Received face features request
2026-05-21 13:38:14,479 - __main__ - DEBUG - Processing base64 image
2026-05-21 13:38:14,491 - __main__ - DEBUG - Face landmarks detected
2026-05-21 13:38:14,492 - __main__ - DEBUG - Processed face points: {'Left Eye': {'x': 314, 'y': 325}, 'Right Eye': {'x': 410, 'y': 329}, 'Nose': {'x': 373, 'y': 370}, 'Mouth': {'x': 364, 'y': 390}, 'Left Ear': {'x': 278, 'y': 334}, 'Right Ear': {'x': 408, 'y': 346}, 'Chin': {'x': 354, 'y': 437}}
2026-05-21 13:38:14,619 - __main__ - DEBUG - Received face features request
2026-05-21 13:38:14,622 - __main__ - DEBUG - Processing base64 image
2026-05-21 13:38:14,635 - __main__ - DEBUG - Face landmarks detected
2026-05-21 13:38:14,637 - __main__ - DEBUG - Processed face points: {'Left Eye': {'x': 315, 'y': 326}, 'Right Eye': {'x': 405, 'y': 333}, 'Nose': {'x': 368, 'y': 372}, 'Mouth': {'x': 358, 'y': 399}, 'Left Ear': {'x': 283, 'y': 336}, 'Right Ear': {'x': 411, 'y': 350}, 'Chin': {'x': 352, 'y': 438}}
2026-05-21 13:38:14,759 - __main__ - DEBUG - Received face features request
2026-05-21 13:38:14,760 - __main__ - DEBUG - Processing base64 image
2026-05-21 13:38:14,770 - __main__ - DEBUG - Face landmarks detected
2026-05-21 13:38:14,771 - __main__ - DEBUG - Processed face points: {'Left Eye': {'x': 310, 'y': 327}, 'Right Eye': {'x': 403, 'y': 327}, 'Nose': {'x': 365, 'y': 364}, 'Mouth': {'x': 362, 'y': 387}, 'Left Ear': {'x': 275, 'y': 333}, 'Right Ear': {'x': 411, 'y': 341}, 'Chin': {'x': 357, 'y': 432}}
2026-05-21 13:38:14,887 - __main__ - DEBUG - Received face features request
2026-05-21 13:38:14,889 - __main__ - DEBUG - Processing base64 image
2026-05-21 13:38:14,900 - __main__ - DEBUG - Face landmarks detected
2026-05-21 13:38:14,902 - __main__ - DEBUG - Processed face points: {'Left Eye': {'x': 314, 'y': 320}, 'Right Eye': {'x': 410, 'y': 328}, 'Nose': {'x': 372, 'y': 367}, 'Mouth': {'x': 355, 'y': 395}, 'Left Ear': {'x': 277, 'y': 337}, 'Right Ear': {'x': 409, 'y': 338}, 'Chin': {'x': 354, 'y': 437}}
2026-05-21 13:38:15,023 - __main__ - DEBUG - Received face features request
2026-05-21 13:38:15,024 - __main__ - DEBUG - Processing base64 image
2026-05-21 13:38:15,038 - __main__ - DEBUG - Face landmarks detected
2026-05-21 13:38:15,039 - __main__ - DEBUG - Processed face points: {'Left Eye': {'x': 317, 'y': 324}, 'Right Eye': {'x': 401, 'y': 326}, 'Nose': {'x': 368, 'y': 367}, 'Mouth': {'x': 364, 'y': 395}, 'Left Ear': {'x': 278, 'y': 334}, 'Right Ear': {'x': 411, 'y': 339}, 'Chin': {'x': 349, 'y': 433}}
2026-05-21 13:38:15,164 - __main__ - DEBUG - Received face features request
2026-05-21 13:38:15,166 - __main__ - DEBUG - Processing base64 image
2026-05-21 13:38:15,177 - __main__ - DEBUG - Face landmarks detected
2026-05-21 13:38:15,178 - __main__ - DEBUG - Processed face points: {'Left Eye': {'x': 315, 'y': 325}, 'Right Eye': {'x': 405, 'y': 330}, 'Nose': {'x': 362, 'y': 365}, 'Mouth': {'x': 366, 'y': 394}, 'Left Ear': {'x': 282, 'y': 333}, 'Right Ear': {'x': 411, 'y': 339}, 'Chin': {'x': 357, 'y': 428}}
2026-05-21 13:38:15,290 - __main__ - DEBUG - Received face features request
2026-05-21 13:38:15,291 - __main__ - DEBUG - Processing base64 image
2026-05-21 13:38:15,302 - __main__ - DEBUG - Face landmarks detected
2026-05-21 13:38:15,303 - __main__ - DEBUG - Processed face points: {'Left Eye': {'x': 314, 'y': 320}, 'Right Eye': {'x': 407, 'y': 331}, 'Nose': {'x': 364, 'y': 366}, 'Mouth': {'x': 359, 'y': 392}, 'Left Ear': {'x': 282, 'y': 339}, 'Right Ear': {'x': 418, 'y': 346}, 'Chin': {'x': 356, 'y': 426}}
2026-05-21 13:38:15,418 - __main__ - DEBUG - Received face features request
2026-05-21 13:38:15,420 - __main__ - DEBUG - Processing base64 image
2026-05-21 13:38:15,431 - __main__ - DEBUG - Face landmarks detected
2026-05-21 13:38:15,433 - __main__ - DEBUG - Processed face points: {'Left Eye': {'x': 309, 'y': 321}, 'Right Eye': {'x': 406, 'y': 334}, 'Nose': {'x': 367, 'y': 367}, 'Mouth': {'x': 364, 'y': 391}, 'Left Ear': {'x': 277, 'y': 335}, 'Right Ear': {'x': 412, 'y': 341}, 'Chin': {'x': 354, 'y': 431}}
2026-05-21 13:38:15,546 - __main__ - DEBUG - Received face features request
2026-05-21 13:38:15,547 - __main__ - DEBUG - Processing base64 image
2026-05-21 13:38:15,557 - __main__ - DEBUG - Face landmarks detected
2026-05-21 13:38:15,558 - __main__ - DEBUG - Processed face points: {'Left Eye': {'x': 310, 'y': 325}, 'Right Eye': {'x': 401, 'y': 330}, 'Nose': {'x': 373, 'y': 368}, 'Mouth': {'x': 364, 'y': 395}, 'Left Ear': {'x': 276, 'y': 335}, 'Right Ear': {'x': 411, 'y': 347}, 'Chin': {'x': 356, 'y': 431}}
2026-05-21 13:38:15,677 - __main__ - DEBUG - Received face features request
2026-05-21 13:38:15,680 - __main__ - DEBUG - Processing base64 image
2026-05-21 13:38:15,689 - __main__ - DEBUG - Face landmarks detected
2026-05-21 13:38:15,690 - __main__ - DEBUG - Processed face points: {'Left Eye': {'x': 316, 'y': 323}, 'Right Eye': {'x': 409, 'y': 330}, 'Nose': {'x': 369, 'y': 371}, 'Mouth': {'x': 362, 'y': 396}, 'Left Ear': {'x': 280, 'y': 332}, 'Right Ear': {'x': 412, 'y': 336}, 'Chin': {'x': 356, 'y': 435}}
2026-05-21 13:38:15,805 - __main__ - DEBUG - Received face features request
2026-05-21 13:38:15,806 - __main__ - DEBUG - Processing base64 image
2026-05-21 13:38:15,818 - __main__ - DEBUG - Face landmarks detected
2026-05-21 13:38:15,818 - __main__ - DEBUG - Processed face points: {'Left Eye': {'x': 311, 'y': 325}, 'Right Eye': {'x': 400, 'y': 330}, 'Nose': {'x': 365, 'y': 368}, 'Mouth': {'x': 355, 'y': 389}, 'Left Ear': {'x': 281, 'y': 340}, 'Right Ear': {'x': 409, 'y': 347}, 'Chin': {'x': 352, 'y': 436}}
2026-05-21 13:38:15,935 - __main__ - DEBUG - Received face features request
2026-05-21 13:38:15,937 - __main__ - DEBUG - Processing base64 image
2026-05-21 13:38:15,949 - __main__ - DEBUG - Face landmarks detected
2026-05-21 13:38:15,950 - __main__ - DEBUG - Processed face points: {'Left Eye': {'x': 312, 'y': 326}, 'Right Eye': {'x': 402, 'y': 327}, 'Nose': {'x': 362, 'y': 363}, 'Mouth': {'x': 360, 'y': 398}, 'Left Ear': {'x': 278, 'y': 336}, 'Right Ear': {'x': 416, 'y': 343}, 'Chin': {'x': 352, 'y': 437}}
2026-05-21 13:38:16,074 - __main__ - DEBUG - Received face features request
2026-05-21 13:38:16,076 - __main__ - DEBUG - Processing base64 image
2026-05-21 13:38:16,087 - __main__ - DEBUG - Face landmarks detected
2026-05-21 13:38:16,088 - __main__ - DEBUG - Processed face points: {'Left Eye': {'x': 313, 'y': 328}, 'Right Eye': {'x': 398, 'y': 330}, 'Nose': {'x': 359, 'y': 364}, 'Mouth': {'x': 359, 'y': 397}, 'Left Ear': {'x': 279, 'y': 340}, 'Right Ear': {'x': 412, 'y': 337}, 'Chin': {'x': 353, 'y': 433}}
2026-05-21 13:38:16,215 - __main__ - DEBUG - Received face features request
2026-05-21 13:38:16,216 - __main__ - DEBUG - Processing base64 image
2026-05-21 13:38:16,228 - __main__ - DEBUG - Face landmarks detected
2026-05-21 13:38:16,230 - __main__ - DEBUG - Processed face points: {'Left Eye': {'x': 312, 'y': 321}, 'Right Eye': {'x': 405, 'y': 326}, 'Nose': {'x': 368, 'y': 364}, 'Mouth': {'x': 354, 'y': 390}, 'Left Ear': {'x': 270, 'y': 334}, 'Right Ear': {'x': 416, 'y': 337}, 'Chin': {'x': 353, 'y': 431}}
2026-05-21 13:38:16,351 - __main__ - DEBUG - Received face features request
2026-05-21 13:38:16,356 - __main__ - DEBUG - Processing base64 image
2026-05-21 13:38:16,367 - __main__ - DEBUG - Face landmarks detected
2026-05-21 13:38:16,368 - __main__ - DEBUG - Processed face points: {'Left Eye': {'x': 307, 'y': 320}, 'Right Eye': {'x': 406, 'y': 328}, 'Nose': {'x': 361, 'y': 367}, 'Mouth': {'x': 360, 'y': 399}, 'Left Ear': {'x': 276, 'y': 340}, 'Right Ear': {'x': 411, 'y': 340}, 'Chin': {'x': 345, 'y': 438}}
2026-05-21 13:38:16,491 - __main__ - DEBUG - Received face features request
2026-05-21 13:38:16,493 - __main__ - DEBUG - Processing base64 image
2026-05-21 13:38:16,504 - __main__ - DEBUG - Face landmarks detected
2026-05-21 13:38:16,505 - __main__ - DEBUG - Processed face points: {'Left Eye': {'x': 311, 'y': 324}, 'Right Eye': {'x': 406, 'y': 324}, 'Nose': {'x': 362, 'y': 364}, 'Mouth': {'x': 355, 'y': 398}, 'Left Ear': {'x': 274, 'y': 336}, 'Right Ear': {'x': 406, 'y': 337}, 'Chin': {'x': 351, 'y': 435}}
2026-05-21 13:38:16,627 - __main__ - DEBUG - Received face features request
2026-05-21 13:38:16,629 - __main__ - DEBUG - Processing base64 image
2026-05-21 13:38:16,643 - __main__ - DEBUG - Face landmarks detected
2026-05-21 13:38:16,644 - __main__ - DEBUG - Processed face points: {'Left Eye': {'x': 304, 'y': 323}, 'Right Eye': {'x': 404, 'y': 332}, 'Nose': {'x': 366, 'y': 363}, 'Mouth': {'x': 361, 'y': 400}, 'Left Ear': {'x': 272, 'y': 340}, 'Right Ear': {'x': 413, 'y': 339}, 'Chin': {'x': 345, 'y': 433}}
2026-05-21 13:38:16,762 - __main__ - DEBUG - Received face features request
2026-05-21 13:38:16,764 - __main__ - DEBUG - Processing base64 image
2026-05-21 13:38:16,774 - __main__ - DEBUG - Face landmarks detected
2026-05-21 13:38:16,775 - __main__ - DEBUG - Processed face points: {'Left Eye': {'x': 305, 'y': 329}, 'Right Eye': {'x': 409, 'y': 328}, 'Nose': {'x': 368, 'y': 370}, 'Mouth': {'x': 362, 'y': 398}, 'Left Ear': {'x': 281, 'y': 336}, 'Right Ear': {'x': 414, 'y': 341}, 'Chin': {'x': 350, 'y': 431}}
2026-05-21 13:38:16,900 - __main__ - DEBUG - Received face features request
2026-05-21 13:38:16,902 - __main__ - DEBUG - Processing base64 image
2026-05-21 13:38:16,915 - __main__ - DEBUG - Face landmarks detected
2026-05-21 13:38:16,916 - __main__ - DEBUG - Processed face points: {'Left Eye': {'x': 310, 'y': 325}, 'Right Eye': {'x': 399, 'y': 333}, 'Nose': {'x': 369, 'y': 368}, 'Mouth': {'x': 354, 'y': 394}, 'Left Ear': {'x': 282, 'y': 336}, 'Right Ear': {'x': 412, 'y': 346}, 'Chin': {'x': 349, 'y': 432}}
2026-05-21 13:38:17,036 - __main__ - DEBUG - Received face features request
2026-05-21 13:38:17,037 - __main__ - DEBUG - Processing base64 image
2026-05-21 13:38:17,047 - __main__ - DEBUG - Face landmarks detected
2026-05-21 13:38:17,048 - __main__ - DEBUG - Processed face points: {'Left Eye': {'x': 314, 'y': 326}, 'Right Eye': {'x': 409, 'y': 332}, 'Nose': {'x': 362, 'y': 377}, 'Mouth': {'x': 365, 'y': 395}, 'Left Ear': {'x': 278, 'y': 344}, 'Right Ear': {'x': 414, 'y': 344}, 'Chin': {'x': 352, 'y': 436}}
2026-05-21 13:38:17,164 - __main__ - DEBUG - Received face features request
2026-05-21 13:38:17,166 - __main__ - DEBUG - Processing base64 image
2026-05-21 13:38:17,178 - __main__ - DEBUG - Face landmarks detected
2026-05-21 13:38:17,179 - __main__ - DEBUG - Processed face points: {'Left Eye': {'x': 306, 'y': 333}, 'Right Eye': {'x': 405, 'y': 332}, 'Nose': {'x': 369, 'y': 378}, 'Mouth': {'x': 360, 'y': 405}, 'Left Ear': {'x': 277, 'y': 344}, 'Right Ear': {'x': 414, 'y': 347}, 'Chin': {'x': 353, 'y': 436}}
2026-05-21 13:38:17,305 - __main__ - DEBUG - Received face features request
2026-05-21 13:38:17,307 - __main__ - DEBUG - Processing base64 image
2026-05-21 13:38:17,320 - __main__ - DEBUG - Face landmarks detected
2026-05-21 13:38:17,322 - __main__ - DEBUG - Processed face points: {'Left Eye': {'x': 309, 'y': 330}, 'Right Eye': {'x': 399, 'y': 339}, 'Nose': {'x': 363, 'y': 370}, 'Mouth': {'x': 355, 'y': 395}, 'Left Ear': {'x': 279, 'y': 343}, 'Right Ear': {'x': 414, 'y': 343}, 'Chin': {'x': 355, 'y': 439}}
2026-05-21 13:38:17,437 - __main__ - DEBUG - Received face features request
2026-05-21 13:38:17,440 - __main__ - DEBUG - Processing base64 image
2026-05-21 13:38:17,451 - __main__ - DEBUG - Face landmarks detected
2026-05-21 13:38:17,452 - __main__ - DEBUG - Processed face points: {'Left Eye': {'x': 307, 'y': 333}, 'Right Eye': {'x': 405, 'y': 333}, 'Nose': {'x': 368, 'y': 377}, 'Mouth': {'x': 366, 'y': 398}, 'Left Ear': {'x': 278, 'y': 342}, 'Right Ear': {'x': 411, 'y': 343}, 'Chin': {'x': 350, 'y': 440}}
2026-05-21 13:38:17,567 - __main__ - DEBUG - Received face features request
2026-05-21 13:38:17,570 - __main__ - DEBUG - Processing base64 image
2026-05-21 13:38:17,582 - __main__ - DEBUG - Face landmarks detected
2026-05-21 13:38:17,583 - __main__ - DEBUG - Processed face points: {'Left Eye': {'x': 314, 'y': 332}, 'Right Eye': {'x': 401, 'y': 329}, 'Nose': {'x': 366, 'y': 374}, 'Mouth': {'x': 363, 'y': 396}, 'Left Ear': {'x': 274, 'y': 341}, 'Right Ear': {'x': 413, 'y': 344}, 'Chin': {'x': 354, 'y': 433}}
2026-05-21 13:38:17,712 - __main__ - DEBUG - Received face features request
2026-05-21 13:38:17,715 - __main__ - DEBUG - Processing base64 image
2026-05-21 13:38:17,727 - __main__ - DEBUG - Face landmarks detected
2026-05-21 13:38:17,729 - __main__ - DEBUG - Processed face points: {'Left Eye': {'x': 311, 'y': 326}, 'Right Eye': {'x': 406, 'y': 332}, 'Nose': {'x': 366, 'y': 376}, 'Mouth': {'x': 362, 'y': 401}, 'Left Ear': {'x': 274, 'y': 338}, 'Right Ear': {'x': 406, 'y': 340}, 'Chin': {'x': 355, 'y': 436}}
2026-05-21 13:38:17,854 - __main__ - DEBUG - Received face features request
2026-05-21 13:38:17,856 - __main__ - DEBUG - Processing base64 image
2026-05-21 13:38:17,871 - __main__ - DEBUG - Face landmarks detected
2026-05-21 13:38:17,872 - __main__ - DEBUG - Processed face points: {'Left Eye': {'x': 310, 'y': 326}, 'Right Eye': {'x': 405, 'y': 335}, 'Nose': {'x': 362, 'y': 367}, 'Mouth': {'x': 353, 'y': 402}, 'Left Ear': {'x': 280, 'y': 334}, 'Right Ear': {'x': 413, 'y': 343}, 'Chin': {'x': 353, 'y': 429}}
2026-05-21 13:38:17,995 - __main__ - DEBUG - Received face features request
2026-05-21 13:38:17,999 - __main__ - DEBUG - Processing base64 image
2026-05-21 13:38:18,011 - __main__ - DEBUG - Face landmarks detected
2026-05-21 13:38:18,012 - __main__ - DEBUG - Processed face points: {'Left Eye': {'x': 310, 'y': 326}, 'Right Eye': {'x': 404, 'y': 334}, 'Nose': {'x': 360, 'y': 374}, 'Mouth': {'x': 359, 'y': 404}, 'Left Ear': {'x': 278, 'y': 333}, 'Right Ear': {'x': 412, 'y': 341}, 'Chin': {'x': 351, 'y': 438}}
2026-05-21 13:38:18,137 - __main__ - DEBUG - Received face features request
2026-05-21 13:38:18,139 - __main__ - DEBUG - Processing base64 image
2026-05-21 13:38:18,152 - __main__ - DEBUG - Face landmarks detected
2026-05-21 13:38:18,154 - __main__ - DEBUG - Processed face points: {'Left Eye': {'x': 306, 'y': 325}, 'Right Eye': {'x': 398, 'y': 327}, 'Nose': {'x': 370, 'y': 371}, 'Mouth': {'x': 361, 'y': 394}, 'Left Ear': {'x': 276, 'y': 345}, 'Right Ear': {'x': 404, 'y': 343}, 'Chin': {'x': 350, 'y': 441}}
2026-05-21 13:38:18,280 - __main__ - DEBUG - Received face features request
2026-05-21 13:38:18,283 - __main__ - DEBUG - Processing base64 image
2026-05-21 13:38:18,295 - __main__ - DEBUG - Face landmarks detected
2026-05-21 13:38:18,296 - __main__ - DEBUG - Processed face points: {'Left Eye': {'x': 310, 'y': 323}, 'Right Eye': {'x': 397, 'y': 330}, 'Nose': {'x': 367, 'y': 365}, 'Mouth': {'x': 356, 'y': 393}, 'Left Ear': {'x': 273, 'y': 335}, 'Right Ear': {'x': 404, 'y': 341}, 'Chin': {'x': 351, 'y': 430}}
2026-05-21 13:38:18,414 - __main__ - DEBUG - Received face features request
2026-05-21 13:38:18,416 - __main__ - DEBUG - Processing base64 image
2026-05-21 13:38:18,427 - __main__ - DEBUG - Face landmarks detected
2026-05-21 13:38:18,428 - __main__ - DEBUG - Processed face points: {'Left Eye': {'x': 304, 'y': 329}, 'Right Eye': {'x': 401, 'y': 329}, 'Nose': {'x': 361, 'y': 373}, 'Mouth': {'x': 362, 'y': 401}, 'Left Ear': {'x': 272, 'y': 341}, 'Right Ear': {'x': 403, 'y': 343}, 'Chin': {'x': 357, 'y': 433}}
2026-05-21 13:38:18,545 - __main__ - DEBUG - Received face features request
2026-05-21 13:38:18,547 - __main__ - DEBUG - Processing base64 image
2026-05-21 13:38:18,559 - __main__ - DEBUG - Face landmarks detected
2026-05-21 13:38:18,560 - __main__ - DEBUG - Processed face points: {'Left Eye': {'x': 304, 'y': 322}, 'Right Eye': {'x': 400, 'y': 329}, 'Nose': {'x': 364, 'y': 373}, 'Mouth': {'x': 352, 'y': 397}, 'Left Ear': {'x': 273, 'y': 341}, 'Right Ear': {'x': 410, 'y': 345}, 'Chin': {'x': 350, 'y': 438}}
2026-05-21 13:38:18,683 - __main__ - DEBUG - Received face features request
2026-05-21 13:38:18,685 - __main__ - DEBUG - Processing base64 image
2026-05-21 13:38:18,699 - __main__ - DEBUG - Face landmarks detected
2026-05-21 13:38:18,700 - __main__ - DEBUG - Processed face points: {'Left Eye': {'x': 303, 'y': 329}, 'Right Eye': {'x': 399, 'y': 325}, 'Nose': {'x': 367, 'y': 363}, 'Mouth': {'x': 355, 'y': 398}, 'Left Ear': {'x': 271, 'y': 344}, 'Right Ear': {'x': 404, 'y': 337}, 'Chin': {'x': 349, 'y': 433}}
2026-05-21 13:38:18,827 - __main__ - DEBUG - Received face features request
2026-05-21 13:38:18,829 - __main__ - DEBUG - Processing base64 image
2026-05-21 13:38:18,840 - __main__ - DEBUG - Face landmarks detected
2026-05-21 13:38:18,841 - __main__ - DEBUG - Processed face points: {'Left Eye': {'x': 305, 'y': 323}, 'Right Eye': {'x': 396, 'y': 324}, 'Nose': {'x': 367, 'y': 367}, 'Mouth': {'x': 361, 'y': 398}, 'Left Ear': {'x': 269, 'y': 343}, 'Right Ear': {'x': 409, 'y': 340}, 'Chin': {'x': 350, 'y': 439}}
2026-05-21 13:38:18,973 - __main__ - DEBUG - Received face features request
2026-05-21 13:38:18,975 - __main__ - DEBUG - Processing base64 image
2026-05-21 13:38:18,986 - __main__ - DEBUG - Face landmarks detected
2026-05-21 13:38:18,987 - __main__ - DEBUG - Processed face points: {'Left Eye': {'x': 307, 'y': 323}, 'Right Eye': {'x': 398, 'y': 327}, 'Nose': {'x': 356, 'y': 365}, 'Mouth': {'x': 357, 'y': 395}, 'Left Ear': {'x': 278, 'y': 346}, 'Right Ear': {'x': 410, 'y': 341}, 'Chin': {'x': 352, 'y': 438}}
2026-05-21 13:38:19,101 - __main__ - DEBUG - Received face features request
2026-05-21 13:38:19,102 - __main__ - DEBUG - Processing base64 image
2026-05-21 13:38:19,116 - __main__ - DEBUG - Face landmarks detected
2026-05-21 13:38:19,118 - __main__ - DEBUG - Processed face points: {'Left Eye': {'x': 307, 'y': 329}, 'Right Eye': {'x': 397, 'y': 323}, 'Nose': {'x': 362, 'y': 369}, 'Mouth': {'x': 351, 'y': 399}, 'Left Ear': {'x': 278, 'y': 343}, 'Right Ear': {'x': 411, 'y': 345}, 'Chin': {'x': 350, 'y': 443}}
2026-05-21 13:38:19,243 - __main__ - DEBUG - Received face features request
2026-05-21 13:38:19,244 - __main__ - DEBUG - Processing base64 image
2026-05-21 13:38:19,258 - __main__ - DEBUG - Face landmarks detected
2026-05-21 13:38:19,259 - __main__ - DEBUG - Processed face points: {'Left Eye': {'x': 301, 'y': 331}, 'Right Eye': {'x': 394, 'y': 330}, 'Nose': {'x': 354, 'y': 367}, 'Mouth': {'x': 349, 'y': 401}, 'Left Ear': {'x': 277, 'y': 347}, 'Right Ear': {'x': 406, 'y': 340}, 'Chin': {'x': 352, 'y': 437}}
2026-05-21 13:38:19,381 - __main__ - DEBUG - Received face features request
2026-05-21 13:38:19,383 - __main__ - DEBUG - Processing base64 image
2026-05-21 13:38:19,394 - __main__ - DEBUG - Face landmarks detected
2026-05-21 13:38:19,396 - __main__ - DEBUG - Processed face points: {'Left Eye': {'x': 304, 'y': 332}, 'Right Eye': {'x': 395, 'y': 329}, 'Nose': {'x': 353, 'y': 371}, 'Mouth': {'x': 355, 'y': 396}, 'Left Ear': {'x': 268, 'y': 341}, 'Right Ear': {'x': 412, 'y': 346}, 'Chin': {'x': 344, 'y': 438}}
2026-05-21 13:38:19,518 - __main__ - DEBUG - Received face features request
2026-05-21 13:38:19,519 - __main__ - DEBUG - Processing base64 image
2026-05-21 13:38:19,531 - __main__ - DEBUG - Face landmarks detected
2026-05-21 13:38:19,533 - __main__ - DEBUG - Processed face points: {'Left Eye': {'x': 303, 'y': 323}, 'Right Eye': {'x': 395, 'y': 329}, 'Nose': {'x': 357, 'y': 370}, 'Mouth': {'x': 352, 'y': 393}, 'Left Ear': {'x': 268, 'y': 341}, 'Right Ear': {'x': 409, 'y': 345}, 'Chin': {'x': 351, 'y': 434}}
2026-05-21 13:38:19,662 - __main__ - DEBUG - Received emotion detection request
2026-05-21 13:38:19,663 - __main__ - DEBUG - Processing base64 image
2026-05-21 13:38:20,560 - __main__ - DEBUG - Found 1 faces in the image
2026-05-21 13:38:21,216 - __main__ - DEBUG - Detected emotion: Happy
2026-05-21 13:38:22,234 - __main__ - DEBUG - Received emotion detection request
2026-05-21 13:38:22,236 - __main__ - DEBUG - Processing base64 image
2026-05-21 13:38:22,309 - __main__ - DEBUG - Found 1 faces in the image
2026-05-21 13:38:22,402 - __main__ - DEBUG - Detected emotion: Happy
2026-05-21 13:38:23,419 - __main__ - DEBUG - Received emotion detection request
2026-05-21 13:38:23,421 - __main__ - DEBUG - Processing base64 image
2026-05-21 13:38:23,495 - __main__ - DEBUG - Found 1 faces in the image
2026-05-21 13:38:23,589 - __main__ - DEBUG - Detected emotion: Neutral
2026-05-21 13:38:24,076 - __main__ - DEBUG - Received face features request
2026-05-21 13:38:24,078 - __main__ - DEBUG - Processing base64 image
2026-05-21 13:38:24,088 - __main__ - DEBUG - Face landmarks detected
2026-05-21 13:38:24,089 - __main__ - DEBUG - Processed face points: {'Left Eye': {'x': 302, 'y': 329}, 'Right Eye': {'x': 391, 'y': 330}, 'Nose': {'x': 350, 'y': 373}, 'Mouth': {'x': 352, 'y': 405}, 'Left Ear': {'x': 268, 'y': 340}, 'Right Ear': {'x': 404, 'y': 348}, 'Chin': {'x': 349, 'y': 439}}
2026-05-21 13:38:24,211 - __main__ - DEBUG - Received face features request
2026-05-21 13:38:24,212 - __main__ - DEBUG - Processing base64 image
2026-05-21 13:38:24,222 - __main__ - DEBUG - Face landmarks detected
2026-05-21 13:38:24,224 - __main__ - DEBUG - Processed face points: {'Left Eye': {'x': 294, 'y': 332}, 'Right Eye': {'x': 393, 'y': 324}, 'Nose': {'x': 348, 'y': 367}, 'Mouth': {'x': 344, 'y': 399}, 'Left Ear': {'x': 275, 'y': 338}, 'Right Ear': {'x': 410, 'y': 343}, 'Chin': {'x': 349, 'y': 442}}
2026-05-21 13:38:24,336 - __main__ - DEBUG - Received face features request
2026-05-21 13:38:24,338 - __main__ - DEBUG - Processing base64 image
2026-05-21 13:38:24,348 - __main__ - DEBUG - Face landmarks detected
2026-05-21 13:38:24,349 - __main__ - DEBUG - Processed face points: {'Left Eye': {'x': 303, 'y': 334}, 'Right Eye': {'x': 391, 'y': 332}, 'Nose': {'x': 356, 'y': 373}, 'Mouth': {'x': 354, 'y': 399}, 'Left Ear': {'x': 268, 'y': 348}, 'Right Ear': {'x': 411, 'y': 348}, 'Chin': {'x': 351, 'y': 439}}
2026-05-21 13:38:24,474 - __main__ - DEBUG - Received face features request
2026-05-21 13:38:24,476 - __main__ - DEBUG - Processing base64 image
2026-05-21 13:38:24,487 - __main__ - DEBUG - Face landmarks detected
2026-05-21 13:38:24,488 - __main__ - DEBUG - Processed face points: {'Left Eye': {'x': 303, 'y': 330}, 'Right Eye': {'x': 394, 'y': 332}, 'Nose': {'x': 355, 'y': 367}, 'Mouth': {'x': 351, 'y': 399}, 'Left Ear': {'x': 269, 'y': 341}, 'Right Ear': {'x': 409, 'y': 345}, 'Chin': {'x': 350, 'y': 436}}
2026-05-21 13:38:24,605 - __main__ - DEBUG - Received face features request
2026-05-21 13:38:24,606 - __main__ - DEBUG - Processing base64 image
2026-05-21 13:38:24,617 - __main__ - DEBUG - Face landmarks detected
2026-05-21 13:38:24,618 - __main__ - DEBUG - Processed face points: {'Left Eye': {'x': 305, 'y': 327}, 'Right Eye': {'x': 400, 'y': 337}, 'Nose': {'x': 359, 'y': 376}, 'Mouth': {'x': 351, 'y': 405}, 'Left Ear': {'x': 275, 'y': 348}, 'Right Ear': {'x': 402, 'y': 350}, 'Chin': {'x': 341, 'y': 438}}
2026-05-21 13:38:24,745 - __main__ - DEBUG - Received face features request
2026-05-21 13:38:24,746 - __main__ - DEBUG - Processing base64 image
2026-05-21 13:38:24,755 - __main__ - DEBUG - Face landmarks detected
2026-05-21 13:38:24,756 - __main__ - DEBUG - Processed face points: {'Left Eye': {'x': 295, 'y': 330}, 'Right Eye': {'x': 397, 'y': 336}, 'Nose': {'x': 351, 'y': 378}, 'Mouth': {'x': 353, 'y': 403}, 'Left Ear': {'x': 277, 'y': 347}, 'Right Ear': {'x': 407, 'y': 349}, 'Chin': {'x': 346, 'y': 438}}
2026-05-21 13:38:24,873 - __main__ - DEBUG - Received face features request
2026-05-21 13:38:24,874 - __main__ - DEBUG - Processing base64 image
2026-05-21 13:38:24,881 - __main__ - DEBUG - Face landmarks detected
2026-05-21 13:38:24,882 - __main__ - DEBUG - Processed face points: {'Left Eye': {'x': 300, 'y': 329}, 'Right Eye': {'x': 394, 'y': 331}, 'Nose': {'x': 356, 'y': 377}, 'Mouth': {'x': 348, 'y': 397}, 'Left Ear': {'x': 276, 'y': 346}, 'Right Ear': {'x': 406, 'y': 343}, 'Chin': {'x': 350, 'y': 443}}
2026-05-21 13:38:25,010 - __main__ - DEBUG - Received face features request
2026-05-21 13:38:25,013 - __main__ - DEBUG - Processing base64 image
2026-05-21 13:38:25,021 - __main__ - DEBUG - Face landmarks detected
2026-05-21 13:38:25,022 - __main__ - DEBUG - Processed face points: {'Left Eye': {'x': 297, 'y': 328}, 'Right Eye': {'x': 392, 'y': 334}, 'Nose': {'x': 346, 'y': 380}, 'Mouth': {'x': 343, 'y': 402}, 'Left Ear': {'x': 268, 'y': 346}, 'Right Ear': {'x': 411, 'y': 349}, 'Chin': {'x': 337, 'y': 444}}
2026-05-21 13:38:25,150 - __main__ - DEBUG - Received face features request
2026-05-21 13:38:25,151 - __main__ - DEBUG - Processing base64 image
2026-05-21 13:38:25,163 - __main__ - DEBUG - Face landmarks detected
2026-05-21 13:38:25,164 - __main__ - DEBUG - Processed face points: {'Left Eye': {'x': 295, 'y': 334}, 'Right Eye': {'x': 395, 'y': 332}, 'Nose': {'x': 350, 'y': 377}, 'Mouth': {'x': 348, 'y': 401}, 'Left Ear': {'x': 261, 'y': 343}, 'Right Ear': {'x': 402, 'y': 338}, 'Chin': {'x': 343, 'y': 448}}
2026-05-21 13:38:25,278 - __main__ - DEBUG - Received face features request
2026-05-21 13:38:25,279 - __main__ - DEBUG - Processing base64 image
2026-05-21 13:38:25,289 - __main__ - DEBUG - Face landmarks detected
2026-05-21 13:38:25,290 - __main__ - DEBUG - Processed face points: {'Left Eye': {'x': 283, 'y': 327}, 'Right Eye': {'x': 381, 'y': 327}, 'Nose': {'x': 338, 'y': 371}, 'Mouth': {'x': 343, 'y': 398}, 'Left Ear': {'x': 264, 'y': 337}, 'Right Ear': {'x': 400, 'y': 340}, 'Chin': {'x': 338, 'y': 439}}
2026-05-21 13:38:25,406 - __main__ - DEBUG - Received face features request
2026-05-21 13:38:25,407 - __main__ - DEBUG - Processing base64 image
2026-05-21 13:38:25,418 - __main__ - DEBUG - Face landmarks detected
2026-05-21 13:38:25,419 - __main__ - DEBUG - Processed face points: {'Left Eye': {'x': 283, 'y': 321}, 'Right Eye': {'x': 381, 'y': 319}, 'Nose': {'x': 329, 'y': 358}, 'Mouth': {'x': 334, 'y': 397}, 'Left Ear': {'x': 264, 'y': 337}, 'Right Ear': {'x': 401, 'y': 334}, 'Chin': {'x': 333, 'y': 437}}
2026-05-21 13:38:25,538 - __main__ - DEBUG - Received face features request
2026-05-21 13:38:25,541 - __main__ - DEBUG - Processing base64 image
2026-05-21 13:38:25,551 - __main__ - DEBUG - Face landmarks detected
2026-05-21 13:38:25,553 - __main__ - DEBUG - Processed face points: {'Left Eye': {'x': 276, 'y': 322}, 'Right Eye': {'x': 381, 'y': 312}, 'Nose': {'x': 327, 'y': 351}, 'Mouth': {'x': 335, 'y': 389}, 'Left Ear': {'x': 264, 'y': 334}, 'Right Ear': {'x': 398, 'y': 333}, 'Chin': {'x': 335, 'y': 423}}
2026-05-21 13:38:25,678 - __main__ - DEBUG - Received face features request
2026-05-21 13:38:25,680 - __main__ - DEBUG - Processing base64 image
2026-05-21 13:38:25,691 - __main__ - DEBUG - Face landmarks detected
2026-05-21 13:38:25,693 - __main__ - DEBUG - Processed face points: {'Left Eye': {'x': 277, 'y': 307}, 'Right Eye': {'x': 377, 'y': 309}, 'Nose': {'x': 327, 'y': 339}, 'Mouth': {'x': 326, 'y': 367}, 'Left Ear': {'x': 263, 'y': 330}, 'Right Ear': {'x': 390, 'y': 331}, 'Chin': {'x': 329, 'y': 422}}
2026-05-21 13:38:25,806 - __main__ - DEBUG - Received face features request
2026-05-21 13:38:25,808 - __main__ - DEBUG - Processing base64 image
2026-05-21 13:38:25,820 - __main__ - DEBUG - Face landmarks detected
2026-05-21 13:38:25,821 - __main__ - DEBUG - Processed face points: {'Left Eye': {'x': 281, 'y': 310}, 'Right Eye': {'x': 373, 'y': 300}, 'Nose': {'x': 336, 'y': 336}, 'Mouth': {'x': 335, 'y': 372}, 'Left Ear': {'x': 261, 'y': 327}, 'Right Ear': {'x': 389, 'y': 323}, 'Chin': {'x': 330, 'y': 416}}
2026-05-21 13:38:25,947 - __main__ - DEBUG - Received face features request
2026-05-21 13:38:25,949 - __main__ - DEBUG - Processing base64 image
2026-05-21 13:38:25,962 - __main__ - DEBUG - Face landmarks detected
2026-05-21 13:38:25,963 - __main__ - DEBUG - Processed face points: {'Left Eye': {'x': 282, 'y': 308}, 'Right Eye': {'x': 372, 'y': 301}, 'Nose': {'x': 332, 'y': 331}, 'Mouth': {'x': 336, 'y': 374}, 'Left Ear': {'x': 265, 'y': 326}, 'Right Ear': {'x': 390, 'y': 331}, 'Chin': {'x': 329, 'y': 411}}
2026-05-21 13:38:26,077 - __main__ - DEBUG - Received face features request
2026-05-21 13:38:26,079 - __main__ - DEBUG - Processing base64 image
2026-05-21 13:38:26,091 - __main__ - DEBUG - Face landmarks detected
2026-05-21 13:38:26,091 - __main__ - DEBUG - Processed face points: {'Left Eye': {'x': 290, 'y': 314}, 'Right Eye': {'x': 377, 'y': 312}, 'Nose': {'x': 337, 'y': 339}, 'Mouth': {'x': 339, 'y': 376}, 'Left Ear': {'x': 267, 'y': 335}, 'Right Ear': {'x': 397, 'y': 324}, 'Chin': {'x': 338, 'y': 421}}
2026-05-21 13:38:26,205 - __main__ - DEBUG - Received face features request
2026-05-21 13:38:26,207 - __main__ - DEBUG - Processing base64 image
2026-05-21 13:38:26,218 - __main__ - DEBUG - Face landmarks detected
2026-05-21 13:38:26,220 - __main__ - DEBUG - Processed face points: {'Left Eye': {'x': 295, 'y': 311}, 'Right Eye': {'x': 388, 'y': 310}, 'Nose': {'x': 338, 'y': 340}, 'Mouth': {'x': 337, 'y': 371}, 'Left Ear': {'x': 265, 'y': 332}, 'Right Ear': {'x': 396, 'y': 329}, 'Chin': {'x': 343, 'y': 415}}
2026-05-21 13:38:26,333 - __main__ - DEBUG - Received face features request
2026-05-21 13:38:26,335 - __main__ - DEBUG - Processing base64 image
2026-05-21 13:38:26,345 - __main__ - DEBUG - Face landmarks detected
2026-05-21 13:38:26,346 - __main__ - DEBUG - Processed face points: {'Left Eye': {'x': 289, 'y': 311}, 'Right Eye': {'x': 382, 'y': 308}, 'Nose': {'x': 347, 'y': 339}, 'Mouth': {'x': 341, 'y': 380}, 'Left Ear': {'x': 264, 'y': 333}, 'Right Ear': {'x': 397, 'y': 333}, 'Chin': {'x': 346, 'y': 415}}
2026-05-21 13:38:26,458 - __main__ - DEBUG - Received face features request
2026-05-21 13:38:26,459 - __main__ - DEBUG - Processing base64 image
2026-05-21 13:38:26,469 - __main__ - DEBUG - Face landmarks detected
2026-05-21 13:38:26,471 - __main__ - DEBUG - Processed face points: {'Left Eye': {'x': 293, 'y': 314}, 'Right Eye': {'x': 380, 'y': 313}, 'Nose': {'x': 348, 'y': 344}, 'Mouth': {'x': 339, 'y': 378}, 'Left Ear': {'x': 265, 'y': 336}, 'Right Ear': {'x': 401, 'y': 327}, 'Chin': {'x': 343, 'y': 417}}
2026-05-21 13:38:26,598 - __main__ - DEBUG - Received face features request
2026-05-21 13:38:26,600 - __main__ - DEBUG - Processing base64 image
2026-05-21 13:38:26,611 - __main__ - DEBUG - Face landmarks detected
2026-05-21 13:38:26,613 - __main__ - DEBUG - Processed face points: {'Left Eye': {'x': 295, 'y': 313}, 'Right Eye': {'x': 382, 'y': 304}, 'Nose': {'x': 347, 'y': 337}, 'Mouth': {'x': 338, 'y': 378}, 'Left Ear': {'x': 268, 'y': 330}, 'Right Ear': {'x': 398, 'y': 328}, 'Chin': {'x': 344, 'y': 417}}
2026-05-21 13:38:26,738 - __main__ - DEBUG - Received face features request
2026-05-21 13:38:26,740 - __main__ - DEBUG - Processing base64 image
2026-05-21 13:38:26,751 - __main__ - DEBUG - Face landmarks detected
2026-05-21 13:38:26,754 - __main__ - DEBUG - Processed face points: {'Left Eye': {'x': 290, 'y': 306}, 'Right Eye': {'x': 386, 'y': 304}, 'Nose': {'x': 337, 'y': 337}, 'Mouth': {'x': 340, 'y': 373}, 'Left Ear': {'x': 261, 'y': 328}, 'Right Ear': {'x': 401, 'y': 331}, 'Chin': {'x': 338, 'y': 421}}
2026-05-21 13:38:26,878 - __main__ - DEBUG - Received face features request
2026-05-21 13:38:26,879 - __main__ - DEBUG - Processing base64 image
2026-05-21 13:38:26,889 - __main__ - DEBUG - Face landmarks detected
2026-05-21 13:38:26,891 - __main__ - DEBUG - Processed face points: {'Left Eye': {'x': 285, 'y': 314}, 'Right Eye': {'x': 380, 'y': 305}, 'Nose': {'x': 342, 'y': 340}, 'Mouth': {'x': 339, 'y': 371}, 'Left Ear': {'x': 261, 'y': 328}, 'Right Ear': {'x': 404, 'y': 326}, 'Chin': {'x': 341, 'y': 422}}
2026-05-21 13:38:27,014 - __main__ - DEBUG - Received face features request
2026-05-21 13:38:27,015 - __main__ - DEBUG - Processing base64 image
2026-05-21 13:38:27,027 - __main__ - DEBUG - Face landmarks detected
2026-05-21 13:38:27,028 - __main__ - DEBUG - Processed face points: {'Left Eye': {'x': 284, 'y': 306}, 'Right Eye': {'x': 379, 'y': 304}, 'Nose': {'x': 337, 'y': 337}, 'Mouth': {'x': 335, 'y': 375}, 'Left Ear': {'x': 264, 'y': 330}, 'Right Ear': {'x': 403, 'y': 329}, 'Chin': {'x': 332, 'y': 421}}
2026-05-21 13:38:27,144 - __main__ - DEBUG - Received face features request
2026-05-21 13:38:27,146 - __main__ - DEBUG - Processing base64 image
2026-05-21 13:38:27,159 - __main__ - DEBUG - Face landmarks detected
2026-05-21 13:38:27,160 - __main__ - DEBUG - Processed face points: {'Left Eye': {'x': 288, 'y': 309}, 'Right Eye': {'x': 379, 'y': 310}, 'Nose': {'x': 339, 'y': 343}, 'Mouth': {'x': 337, 'y': 375}, 'Left Ear': {'x': 260, 'y': 332}, 'Right Ear': {'x': 402, 'y': 325}, 'Chin': {'x': 338, 'y': 421}}
2026-05-21 13:38:27,278 - __main__ - DEBUG - Received face features request
2026-05-21 13:38:27,279 - __main__ - DEBUG - Processing base64 image
2026-05-21 13:38:27,289 - __main__ - DEBUG - Face landmarks detected
2026-05-21 13:38:27,290 - __main__ - DEBUG - Processed face points: {'Left Eye': {'x': 286, 'y': 309}, 'Right Eye': {'x': 384, 'y': 306}, 'Nose': {'x': 334, 'y': 340}, 'Mouth': {'x': 339, 'y': 376}, 'Left Ear': {'x': 269, 'y': 334}, 'Right Ear': {'x': 395, 'y': 332}, 'Chin': {'x': 333, 'y': 415}}
2026-05-21 13:38:27,406 - __main__ - DEBUG - Received face features request
2026-05-21 13:38:27,408 - __main__ - DEBUG - Processing base64 image
2026-05-21 13:38:27,421 - __main__ - DEBUG - Face landmarks detected
2026-05-21 13:38:27,423 - __main__ - DEBUG - Processed face points: {'Left Eye': {'x': 275, 'y': 309}, 'Right Eye': {'x': 366, 'y': 311}, 'Nose': {'x': 316, 'y': 341}, 'Mouth': {'x': 318, 'y': 375}, 'Left Ear': {'x': 266, 'y': 336}, 'Right Ear': {'x': 399, 'y': 330}, 'Chin': {'x': 318, 'y': 416}}
2026-05-21 13:38:27,543 - __main__ - DEBUG - Received face features request
2026-05-21 13:38:27,545 - __main__ - DEBUG - Processing base64 image
2026-05-21 13:38:27,557 - __main__ - DEBUG - Face landmarks detected
2026-05-21 13:38:27,560 - __main__ - DEBUG - Processed face points: {'Left Eye': {'x': 267, 'y': 307}, 'Right Eye': {'x': 362, 'y': 307}, 'Nose': {'x': 305, 'y': 332}, 'Mouth': {'x': 309, 'y': 366}, 'Left Ear': {'x': 268, 'y': 329}, 'Right Ear': {'x': 397, 'y': 328}, 'Chin': {'x': 304, 'y': 415}}
2026-05-21 13:38:27,682 - __main__ - DEBUG - Received face features request
2026-05-21 13:38:27,684 - __main__ - DEBUG - Processing base64 image
2026-05-21 13:38:27,699 - __main__ - DEBUG - Face landmarks detected
2026-05-21 13:38:27,701 - __main__ - DEBUG - Processed face points: {'Left Eye': {'x': 271, 'y': 308}, 'Right Eye': {'x': 356, 'y': 308}, 'Nose': {'x': 300, 'y': 330}, 'Mouth': {'x': 296, 'y': 373}, 'Left Ear': {'x': 265, 'y': 334}, 'Right Ear': {'x': 391, 'y': 327}, 'Chin': {'x': 299, 'y': 416}}
2026-05-21 13:38:27,814 - __main__ - DEBUG - Received face features request
2026-05-21 13:38:27,816 - __main__ - DEBUG - Processing base64 image
2026-05-21 13:38:27,829 - __main__ - DEBUG - Face landmarks detected
2026-05-21 13:38:27,830 - __main__ - DEBUG - Processed face points: {'Left Eye': {'x': 260, 'y': 308}, 'Right Eye': {'x': 346, 'y': 298}, 'Nose': {'x': 294, 'y': 336}, 'Mouth': {'x': 292, 'y': 366}, 'Left Ear': {'x': 265, 'y': 330}, 'Right Ear': {'x': 388, 'y': 325}, 'Chin': {'x': 293, 'y': 416}}
2026-05-21 13:38:27,952 - __main__ - DEBUG - Received face features request
2026-05-21 13:38:27,954 - __main__ - DEBUG - Processing base64 image
2026-05-21 13:38:27,966 - __main__ - DEBUG - Face landmarks detected
2026-05-21 13:38:27,968 - __main__ - DEBUG - Processed face points: {'Left Eye': {'x': 263, 'y': 306}, 'Right Eye': {'x': 345, 'y': 306}, 'Nose': {'x': 285, 'y': 334}, 'Mouth': {'x': 291, 'y': 368}, 'Left Ear': {'x': 263, 'y': 325}, 'Right Ear': {'x': 390, 'y': 324}, 'Chin': {'x': 298, 'y': 407}}
2026-05-21 13:38:28,090 - __main__ - DEBUG - Received face features request
2026-05-21 13:38:28,093 - __main__ - DEBUG - Processing base64 image
2026-05-21 13:38:28,103 - __main__ - DEBUG - Face landmarks detected
2026-05-21 13:38:28,104 - __main__ - DEBUG - Processed face points: {'Left Eye': {'x': 261, 'y': 302}, 'Right Eye': {'x': 344, 'y': 297}, 'Nose': {'x': 281, 'y': 335}, 'Mouth': {'x': 294, 'y': 363}, 'Left Ear': {'x': 254, 'y': 327}, 'Right Ear': {'x': 387, 'y': 323}, 'Chin': {'x': 292, 'y': 405}}
2026-05-21 13:38:28,217 - __main__ - DEBUG - Received face features request
2026-05-21 13:38:28,219 - __main__ - DEBUG - Processing base64 image
2026-05-21 13:38:28,227 - __main__ - DEBUG - Face landmarks detected
2026-05-21 13:38:28,230 - __main__ - DEBUG - Processed face points: {'Left Eye': {'x': 257, 'y': 307}, 'Right Eye': {'x': 348, 'y': 294}, 'Nose': {'x': 286, 'y': 331}, 'Mouth': {'x': 281, 'y': 365}, 'Left Ear': {'x': 255, 'y': 329}, 'Right Ear': {'x': 389, 'y': 323}, 'Chin': {'x': 284, 'y': 407}}
2026-05-21 13:38:28,353 - __main__ - DEBUG - Received face features request
2026-05-21 13:38:28,356 - __main__ - DEBUG - Processing base64 image
2026-05-21 13:38:28,367 - __main__ - DEBUG - Face landmarks detected
2026-05-21 13:38:28,368 - __main__ - DEBUG - Processed face points: {'Left Eye': {'x': 256, 'y': 302}, 'Right Eye': {'x': 341, 'y': 299}, 'Nose': {'x': 286, 'y': 324}, 'Mouth': {'x': 289, 'y': 366}, 'Left Ear': {'x': 252, 'y': 323}, 'Right Ear': {'x': 380, 'y': 325}, 'Chin': {'x': 294, 'y': 411}}
2026-05-21 13:38:28,495 - __main__ - DEBUG - Received face features request
2026-05-21 13:38:28,497 - __main__ - DEBUG - Processing base64 image
2026-05-21 13:38:28,507 - __main__ - DEBUG - Face landmarks detected
2026-05-21 13:38:28,508 - __main__ - DEBUG - Processed face points: {'Left Eye': {'x': 259, 'y': 301}, 'Right Eye': {'x': 351, 'y': 301}, 'Nose': {'x': 279, 'y': 319}, 'Mouth': {'x': 278, 'y': 354}, 'Left Ear': {'x': 264, 'y': 323}, 'Right Ear': {'x': 387, 'y': 324}, 'Chin': {'x': 284, 'y': 406}}
2026-05-21 13:38:28,632 - __main__ - DEBUG - Received face features request
2026-05-21 13:38:28,634 - __main__ - DEBUG - Processing base64 image
2026-05-21 13:38:28,646 - __main__ - DEBUG - Face landmarks detected
2026-05-21 13:38:28,647 - __main__ - DEBUG - Processed face points: {'Left Eye': {'x': 258, 'y': 293}, 'Right Eye': {'x': 345, 'y': 291}, 'Nose': {'x': 269, 'y': 315}, 'Mouth': {'x': 277, 'y': 346}, 'Left Ear': {'x': 260, 'y': 319}, 'Right Ear': {'x': 381, 'y': 324}, 'Chin': {'x': 281, 'y': 393}}
2026-05-21 13:38:28,770 - __main__ - DEBUG - Received face features request
2026-05-21 13:38:28,771 - __main__ - DEBUG - Processing base64 image
2026-05-21 13:38:28,783 - __main__ - DEBUG - Face landmarks detected
2026-05-21 13:38:28,784 - __main__ - DEBUG - Processed face points: {'Left Eye': {'x': 257, 'y': 289}, 'Right Eye': {'x': 340, 'y': 290}, 'Nose': {'x': 268, 'y': 311}, 'Mouth': {'x': 280, 'y': 348}, 'Left Ear': {'x': 253, 'y': 323}, 'Right Ear': {'x': 375, 'y': 321}, 'Chin': {'x': 280, 'y': 401}}
2026-05-21 13:38:28,912 - __main__ - DEBUG - Received face features request
2026-05-21 13:38:28,915 - __main__ - DEBUG - Processing base64 image
2026-05-21 13:38:28,925 - __main__ - DEBUG - Face landmarks detected
2026-05-21 13:38:28,926 - __main__ - DEBUG - Processed face points: {'Left Eye': {'x': 256, 'y': 290}, 'Right Eye': {'x': 335, 'y': 294}, 'Nose': {'x': 270, 'y': 316}, 'Mouth': {'x': 274, 'y': 347}, 'Left Ear': {'x': 251, 'y': 318}, 'Right Ear': {'x': 376, 'y': 322}, 'Chin': {'x': 278, 'y': 403}}
2026-05-21 13:38:29,043 - __main__ - DEBUG - Received face features request
2026-05-21 13:38:29,045 - __main__ - DEBUG - Processing base64 image
2026-05-21 13:38:29,060 - __main__ - DEBUG - Face landmarks detected
2026-05-21 13:38:29,061 - __main__ - DEBUG - Processed face points: {'Left Eye': {'x': 249, 'y': 293}, 'Right Eye': {'x': 341, 'y': 288}, 'Nose': {'x': 268, 'y': 309}, 'Mouth': {'x': 278, 'y': 350}, 'Left Ear': {'x': 252, 'y': 325}, 'Right Ear': {'x': 377, 'y': 316}, 'Chin': {'x': 272, 'y': 397}}
2026-05-21 13:38:29,176 - __main__ - DEBUG - Received face features request
2026-05-21 13:38:29,177 - __main__ - DEBUG - Processing base64 image
2026-05-21 13:38:29,191 - __main__ - DEBUG - Face landmarks detected
2026-05-21 13:38:29,193 - __main__ - DEBUG - Processed face points: {'Left Eye': {'x': 252, 'y': 291}, 'Right Eye': {'x': 342, 'y': 296}, 'Nose': {'x': 271, 'y': 309}, 'Mouth': {'x': 276, 'y': 347}, 'Left Ear': {'x': 255, 'y': 323}, 'Right Ear': {'x': 376, 'y': 318}, 'Chin': {'x': 272, 'y': 403}}
2026-05-21 13:38:29,314 - __main__ - DEBUG - Received face features request
2026-05-21 13:38:29,316 - __main__ - DEBUG - Processing base64 image
2026-05-21 13:38:29,330 - __main__ - DEBUG - Face landmarks detected
2026-05-21 13:38:29,334 - __main__ - DEBUG - Processed face points: {'Left Eye': {'x': 254, 'y': 290}, 'Right Eye': {'x': 335, 'y': 294}, 'Nose': {'x': 268, 'y': 321}, 'Mouth': {'x': 278, 'y': 350}, 'Left Ear': {'x': 253, 'y': 319}, 'Right Ear': {'x': 373, 'y': 323}, 'Chin': {'x': 271, 'y': 403}}
2026-05-21 13:38:29,455 - __main__ - DEBUG - Received face features request
2026-05-21 13:38:29,457 - __main__ - DEBUG - Processing base64 image
2026-05-21 13:38:29,469 - __main__ - DEBUG - Face landmarks detected
2026-05-21 13:38:29,471 - __main__ - DEBUG - Processed face points: {'Left Eye': {'x': 255, 'y': 291}, 'Right Eye': {'x': 334, 'y': 294}, 'Nose': {'x': 274, 'y': 314}, 'Mouth': {'x': 273, 'y': 350}, 'Left Ear': {'x': 257, 'y': 317}, 'Right Ear': {'x': 371, 'y': 323}, 'Chin': {'x': 275, 'y': 400}}
2026-05-21 13:38:29,598 - __main__ - DEBUG - Received face features request
2026-05-21 13:38:29,600 - __main__ - DEBUG - Processing base64 image
2026-05-21 13:38:29,611 - __main__ - DEBUG - Face landmarks detected
2026-05-21 13:38:29,613 - __main__ - DEBUG - Processed face points: {'Left Eye': {'x': 252, 'y': 291}, 'Right Eye': {'x': 344, 'y': 291}, 'Nose': {'x': 269, 'y': 319}, 'Mouth': {'x': 281, 'y': 354}, 'Left Ear': {'x': 251, 'y': 324}, 'Right Ear': {'x': 382, 'y': 322}, 'Chin': {'x': 275, 'y': 402}}
2026-05-21 13:38:29,740 - __main__ - DEBUG - Received face features request
2026-05-21 13:38:29,742 - __main__ - DEBUG - Processing base64 image
2026-05-21 13:38:29,752 - __main__ - DEBUG - Face landmarks detected
2026-05-21 13:38:29,753 - __main__ - DEBUG - Processed face points: {'Left Eye': {'x': 251, 'y': 292}, 'Right Eye': {'x': 337, 'y': 289}, 'Nose': {'x': 270, 'y': 319}, 'Mouth': {'x': 283, 'y': 354}, 'Left Ear': {'x': 258, 'y': 317}, 'Right Ear': {'x': 379, 'y': 316}, 'Chin': {'x': 276, 'y': 400}}
2026-05-21 13:38:29,871 - __main__ - DEBUG - Received face features request
2026-05-21 13:38:29,873 - __main__ - DEBUG - Processing base64 image
2026-05-21 13:38:29,885 - __main__ - DEBUG - Face landmarks detected
2026-05-21 13:38:29,885 - __main__ - DEBUG - Processed face points: {'Left Eye': {'x': 256, 'y': 297}, 'Right Eye': {'x': 340, 'y': 295}, 'Nose': {'x': 278, 'y': 322}, 'Mouth': {'x': 285, 'y': 350}, 'Left Ear': {'x': 254, 'y': 325}, 'Right Ear': {'x': 386, 'y': 326}, 'Chin': {'x': 282, 'y': 404}}
2026-05-21 13:38:30,001 - __main__ - DEBUG - Received face features request
2026-05-21 13:38:30,003 - __main__ - DEBUG - Processing base64 image
2026-05-21 13:38:30,012 - __main__ - DEBUG - Face landmarks detected
2026-05-21 13:38:30,014 - __main__ - DEBUG - Processed face points: {'Left Eye': {'x': 260, 'y': 302}, 'Right Eye': {'x': 343, 'y': 296}, 'Nose': {'x': 283, 'y': 323}, 'Mouth': {'x': 283, 'y': 359}, 'Left Ear': {'x': 253, 'y': 316}, 'Right Ear': {'x': 383, 'y': 326}, 'Chin': {'x': 285, 'y': 407}}
2026-05-21 13:38:30,133 - __main__ - DEBUG - Received face features request
2026-05-21 13:38:30,136 - __main__ - DEBUG - Processing base64 image
2026-05-21 13:38:30,147 - __main__ - DEBUG - Face landmarks detected
2026-05-21 13:38:30,148 - __main__ - DEBUG - Processed face points: {'Left Eye': {'x': 260, 'y': 300}, 'Right Eye': {'x': 339, 'y': 292}, 'Nose': {'x': 282, 'y': 319}, 'Mouth': {'x': 283, 'y': 354}, 'Left Ear': {'x': 260, 'y': 323}, 'Right Ear': {'x': 379, 'y': 320}, 'Chin': {'x': 283, 'y': 401}}
2026-05-21 13:38:30,275 - __main__ - DEBUG - Received face features request
2026-05-21 13:38:30,277 - __main__ - DEBUG - Processing base64 image
2026-05-21 13:38:30,288 - __main__ - DEBUG - Face landmarks detected
2026-05-21 13:38:30,290 - __main__ - DEBUG - Processed face points: {'Left Eye': {'x': 258, 'y': 301}, 'Right Eye': {'x': 347, 'y': 295}, 'Nose': {'x': 274, 'y': 327}, 'Mouth': {'x': 287, 'y': 360}, 'Left Ear': {'x': 254, 'y': 315}, 'Right Ear': {'x': 384, 'y': 328}, 'Chin': {'x': 285, 'y': 409}}
2026-05-21 13:38:30,411 - __main__ - DEBUG - Received face features request
2026-05-21 13:38:30,413 - __main__ - DEBUG - Processing base64 image
2026-05-21 13:38:30,426 - __main__ - DEBUG - Face landmarks detected
2026-05-21 13:38:30,428 - __main__ - DEBUG - Processed face points: {'Left Eye': {'x': 256, 'y': 298}, 'Right Eye': {'x': 343, 'y': 308}, 'Nose': {'x': 283, 'y': 330}, 'Mouth': {'x': 284, 'y': 354}, 'Left Ear': {'x': 256, 'y': 319}, 'Right Ear': {'x': 386, 'y': 328}, 'Chin': {'x': 282, 'y': 411}}
2026-05-21 13:38:30,544 - __main__ - DEBUG - Received face features request
2026-05-21 13:38:30,545 - __main__ - DEBUG - Processing base64 image
2026-05-21 13:38:30,556 - __main__ - DEBUG - Face landmarks detected
2026-05-21 13:38:30,558 - __main__ - DEBUG - Processed face points: {'Left Eye': {'x': 270, 'y': 309}, 'Right Eye': {'x': 358, 'y': 304}, 'Nose': {'x': 296, 'y': 336}, 'Mouth': {'x': 299, 'y': 367}, 'Left Ear': {'x': 263, 'y': 325}, 'Right Ear': {'x': 382, 'y': 329}, 'Chin': {'x': 295, 'y': 415}}
2026-05-21 13:38:30,673 - __main__ - DEBUG - Received face features request
2026-05-21 13:38:30,676 - __main__ - DEBUG - Processing base64 image
2026-05-21 13:38:30,687 - __main__ - DEBUG - Face landmarks detected
2026-05-21 13:38:30,688 - __main__ - DEBUG - Processed face points: {'Left Eye': {'x': 277, 'y': 312}, 'Right Eye': {'x': 360, 'y': 304}, 'Nose': {'x': 306, 'y': 347}, 'Mouth': {'x': 309, 'y': 376}, 'Left Ear': {'x': 257, 'y': 322}, 'Right Ear': {'x': 392, 'y': 329}, 'Chin': {'x': 306, 'y': 421}}
2026-05-21 13:38:30,804 - __main__ - DEBUG - Received face features request
2026-05-21 13:38:30,806 - __main__ - DEBUG - Processing base64 image
2026-05-21 13:38:30,818 - __main__ - DEBUG - Face landmarks detected
2026-05-21 13:38:30,820 - __main__ - DEBUG - Processed face points: {'Left Eye': {'x': 280, 'y': 311}, 'Right Eye': {'x': 367, 'y': 311}, 'Nose': {'x': 315, 'y': 348}, 'Mouth': {'x': 321, 'y': 372}, 'Left Ear': {'x': 261, 'y': 335}, 'Right Ear': {'x': 388, 'y': 334}, 'Chin': {'x': 318, 'y': 421}}
2026-05-21 13:38:30,941 - __main__ - DEBUG - Received face features request
2026-05-21 13:38:30,943 - __main__ - DEBUG - Processing base64 image
2026-05-21 13:38:30,953 - __main__ - DEBUG - Face landmarks detected
2026-05-21 13:38:30,953 - __main__ - DEBUG - Processed face points: {'Left Eye': {'x': 277, 'y': 319}, 'Right Eye': {'x': 376, 'y': 316}, 'Nose': {'x': 326, 'y': 354}, 'Mouth': {'x': 329, 'y': 380}, 'Left Ear': {'x': 256, 'y': 330}, 'Right Ear': {'x': 394, 'y': 332}, 'Chin': {'x': 324, 'y': 432}}
2026-05-21 13:38:31,074 - __main__ - DEBUG - Received face features request
2026-05-21 13:38:31,076 - __main__ - DEBUG - Processing base64 image
2026-05-21 13:38:31,085 - __main__ - DEBUG - Face landmarks detected
2026-05-21 13:38:31,088 - __main__ - DEBUG - Processed face points: {'Left Eye': {'x': 289, 'y': 311}, 'Right Eye': {'x': 383, 'y': 320}, 'Nose': {'x': 333, 'y': 350}, 'Mouth': {'x': 332, 'y': 389}, 'Left Ear': {'x': 259, 'y': 338}, 'Right Ear': {'x': 398, 'y': 333}, 'Chin': {'x': 334, 'y': 426}}
2026-05-21 13:38:31,206 - __main__ - DEBUG - Received face features request
2026-05-21 13:38:31,207 - __main__ - DEBUG - Processing base64 image
2026-05-21 13:38:31,219 - __main__ - DEBUG - Face landmarks detected
2026-05-21 13:38:31,219 - __main__ - DEBUG - Processed face points: {'Left Eye': {'x': 287, 'y': 313}, 'Right Eye': {'x': 388, 'y': 316}, 'Nose': {'x': 339, 'y': 354}, 'Mouth': {'x': 338, 'y': 382}, 'Left Ear': {'x': 262, 'y': 333}, 'Right Ear': {'x': 400, 'y': 333}, 'Chin': {'x': 337, 'y': 427}}
2026-05-21 13:38:31,343 - __main__ - DEBUG - Received face features request
2026-05-21 13:38:31,344 - __main__ - DEBUG - Processing base64 image
2026-05-21 13:38:31,355 - __main__ - DEBUG - Face landmarks detected
2026-05-21 13:38:31,356 - __main__ - DEBUG - Processed face points: {'Left Eye': {'x': 286, 'y': 315}, 'Right Eye': {'x': 381, 'y': 320}, 'Nose': {'x': 342, 'y': 360}, 'Mouth': {'x': 340, 'y': 383}, 'Left Ear': {'x': 264, 'y': 329}, 'Right Ear': {'x': 406, 'y': 329}, 'Chin': {'x': 340, 'y': 432}}
2026-05-21 13:38:31,469 - __main__ - DEBUG - Received face features request
2026-05-21 13:38:31,470 - __main__ - DEBUG - Processing base64 image
2026-05-21 13:38:31,483 - __main__ - DEBUG - Face landmarks detected
2026-05-21 13:38:31,484 - __main__ - DEBUG - Processed face points: {'Left Eye': {'x': 295, 'y': 318}, 'Right Eye': {'x': 386, 'y': 319}, 'Nose': {'x': 338, 'y': 353}, 'Mouth': {'x': 344, 'y': 386}, 'Left Ear': {'x': 266, 'y': 335}, 'Right Ear': {'x': 401, 'y': 335}, 'Chin': {'x': 335, 'y': 430}}
2026-05-21 13:38:31,598 - __main__ - DEBUG - Received face features request
2026-05-21 13:38:31,599 - __main__ - DEBUG - Processing base64 image
2026-05-21 13:38:31,608 - __main__ - DEBUG - Face landmarks detected
2026-05-21 13:38:31,609 - __main__ - DEBUG - Processed face points: {'Left Eye': {'x': 294, 'y': 317}, 'Right Eye': {'x': 388, 'y': 322}, 'Nose': {'x': 345, 'y': 360}, 'Mouth': {'x': 338, 'y': 386}, 'Left Ear': {'x': 263, 'y': 333}, 'Right Ear': {'x': 402, 'y': 339}, 'Chin': {'x': 337, 'y': 424}}
2026-05-21 13:38:31,727 - __main__ - DEBUG - Received face features request
2026-05-21 13:38:31,728 - __main__ - DEBUG - Processing base64 image
2026-05-21 13:38:31,738 - __main__ - DEBUG - Face landmarks detected
2026-05-21 13:38:31,739 - __main__ - DEBUG - Processed face points: {'Left Eye': {'x': 289, 'y': 314}, 'Right Eye': {'x': 390, 'y': 322}, 'Nose': {'x': 337, 'y': 358}, 'Mouth': {'x': 340, 'y': 382}, 'Left Ear': {'x': 266, 'y': 332}, 'Right Ear': {'x': 405, 'y': 337}, 'Chin': {'x': 334, 'y': 427}}
2026-05-21 13:38:31,854 - __main__ - DEBUG - Received face features request
2026-05-21 13:38:31,856 - __main__ - DEBUG - Processing base64 image
2026-05-21 13:38:31,867 - __main__ - DEBUG - Face landmarks detected
2026-05-21 13:38:31,868 - __main__ - DEBUG - Processed face points: {'Left Eye': {'x': 298, 'y': 320}, 'Right Eye': {'x': 387, 'y': 324}, 'Nose': {'x': 344, 'y': 354}, 'Mouth': {'x': 336, 'y': 389}, 'Left Ear': {'x': 268, 'y': 329}, 'Right Ear': {'x': 403, 'y': 339}, 'Chin': {'x': 342, 'y': 423}}
2026-05-21 13:38:31,984 - __main__ - DEBUG - Received face features request
2026-05-21 13:38:31,986 - __main__ - DEBUG - Processing base64 image
2026-05-21 13:38:31,997 - __main__ - DEBUG - Face landmarks detected
2026-05-21 13:38:31,998 - __main__ - DEBUG - Processed face points: {'Left Eye': {'x': 299, 'y': 316}, 'Right Eye': {'x': 393, 'y': 315}, 'Nose': {'x': 339, 'y': 354}, 'Mouth': {'x': 337, 'y': 386}, 'Left Ear': {'x': 269, 'y': 336}, 'Right Ear': {'x': 404, 'y': 339}, 'Chin': {'x': 343, 'y': 427}}
2026-05-21 13:38:32,125 - __main__ - DEBUG - Received face features request
2026-05-21 13:38:32,126 - __main__ - DEBUG - Processing base64 image
2026-05-21 13:38:32,138 - __main__ - DEBUG - Face landmarks detected
2026-05-21 13:38:32,139 - __main__ - DEBUG - Processed face points: {'Left Eye': {'x': 293, 'y': 322}, 'Right Eye': {'x': 389, 'y': 319}, 'Nose': {'x': 337, 'y': 356}, 'Mouth': {'x': 340, 'y': 383}, 'Left Ear': {'x': 275, 'y': 329}, 'Right Ear': {'x': 406, 'y': 335}, 'Chin': {'x': 341, 'y': 421}}
2026-05-21 13:38:32,264 - __main__ - DEBUG - Received face features request
2026-05-21 13:38:32,266 - __main__ - DEBUG - Processing base64 image
2026-05-21 13:38:32,278 - __main__ - DEBUG - Face landmarks detected
2026-05-21 13:38:32,279 - __main__ - DEBUG - Processed face points: {'Left Eye': {'x': 298, 'y': 315}, 'Right Eye': {'x': 389, 'y': 320}, 'Nose': {'x': 347, 'y': 350}, 'Mouth': {'x': 340, 'y': 385}, 'Left Ear': {'x': 267, 'y': 329}, 'Right Ear': {'x': 402, 'y': 339}, 'Chin': {'x': 340, 'y': 428}}
2026-05-21 13:38:32,395 - __main__ - DEBUG - Received face features request
2026-05-21 13:38:32,400 - __main__ - DEBUG - Processing base64 image
2026-05-21 13:38:32,412 - __main__ - DEBUG - Face landmarks detected
2026-05-21 13:38:32,414 - __main__ - DEBUG - Processed face points: {'Left Eye': {'x': 296, 'y': 314}, 'Right Eye': {'x': 386, 'y': 324}, 'Nose': {'x': 341, 'y': 360}, 'Mouth': {'x': 334, 'y': 388}, 'Left Ear': {'x': 275, 'y': 328}, 'Right Ear': {'x': 408, 'y': 333}, 'Chin': {'x': 332, 'y': 428}}
2026-05-21 13:38:32,528 - __main__ - DEBUG - Received face features request
2026-05-21 13:38:32,531 - __main__ - DEBUG - Processing base64 image
2026-05-21 13:38:32,543 - __main__ - DEBUG - Face landmarks detected
2026-05-21 13:38:32,545 - __main__ - DEBUG - Processed face points: {'Left Eye': {'x': 297, 'y': 315}, 'Right Eye': {'x': 391, 'y': 321}, 'Nose': {'x': 339, 'y': 356}, 'Mouth': {'x': 343, 'y': 380}, 'Left Ear': {'x': 268, 'y': 336}, 'Right Ear': {'x': 408, 'y': 339}, 'Chin': {'x': 342, 'y': 429}}
2026-05-21 13:38:32,670 - __main__ - DEBUG - Received face features request
2026-05-21 13:38:32,672 - __main__ - DEBUG - Processing base64 image
2026-05-21 13:38:32,686 - __main__ - DEBUG - Face landmarks detected
2026-05-21 13:38:32,687 - __main__ - DEBUG - Processed face points: {'Left Eye': {'x': 294, 'y': 312}, 'Right Eye': {'x': 385, 'y': 317}, 'Nose': {'x': 341, 'y': 357}, 'Mouth': {'x': 334, 'y': 383}, 'Left Ear': {'x': 271, 'y': 333}, 'Right Ear': {'x': 403, 'y': 335}, 'Chin': {'x': 339, 'y': 433}}
2026-05-21 13:38:32,815 - __main__ - DEBUG - Received face features request
2026-05-21 13:38:32,817 - __main__ - DEBUG - Processing base64 image
2026-05-21 13:38:32,828 - __main__ - DEBUG - Face landmarks detected
2026-05-21 13:38:32,828 - __main__ - DEBUG - Processed face points: {'Left Eye': {'x': 293, 'y': 318}, 'Right Eye': {'x': 381, 'y': 320}, 'Nose': {'x': 333, 'y': 353}, 'Mouth': {'x': 341, 'y': 385}, 'Left Ear': {'x': 265, 'y': 329}, 'Right Ear': {'x': 402, 'y': 333}, 'Chin': {'x': 340, 'y': 426}}
2026-05-21 13:38:32,959 - __main__ - DEBUG - Received face features request
2026-05-21 13:38:32,961 - __main__ - DEBUG - Processing base64 image
2026-05-21 13:38:32,971 - __main__ - DEBUG - Face landmarks detected
2026-05-21 13:38:32,973 - __main__ - DEBUG - Processed face points: {'Left Eye': {'x': 293, 'y': 320}, 'Right Eye': {'x': 389, 'y': 320}, 'Nose': {'x': 340, 'y': 362}, 'Mouth': {'x': 329, 'y': 383}, 'Left Ear': {'x': 271, 'y': 332}, 'Right Ear': {'x': 402, 'y': 335}, 'Chin': {'x': 327, 'y': 429}}
2026-05-21 13:38:33,095 - __main__ - DEBUG - Received face features request
2026-05-21 13:38:33,096 - __main__ - DEBUG - Processing base64 image
2026-05-21 13:38:33,108 - __main__ - DEBUG - Face landmarks detected
2026-05-21 13:38:33,109 - __main__ - DEBUG - Processed face points: {'Left Eye': {'x': 289, 'y': 322}, 'Right Eye': {'x': 384, 'y': 323}, 'Nose': {'x': 335, 'y': 353}, 'Mouth': {'x': 336, 'y': 389}, 'Left Ear': {'x': 267, 'y': 338}, 'Right Ear': {'x': 404, 'y': 337}, 'Chin': {'x': 334, 'y': 429}}
2026-05-21 13:38:33,233 - __main__ - DEBUG - Received face features request
2026-05-21 13:38:33,234 - __main__ - DEBUG - Processing base64 image
2026-05-21 13:38:33,243 - __main__ - DEBUG - Face landmarks detected
2026-05-21 13:38:33,245 - __main__ - DEBUG - Processed face points: {'Left Eye': {'x': 287, 'y': 310}, 'Right Eye': {'x': 380, 'y': 311}, 'Nose': {'x': 330, 'y': 344}, 'Mouth': {'x': 333, 'y': 378}, 'Left Ear': {'x': 260, 'y': 327}, 'Right Ear': {'x': 391, 'y': 324}, 'Chin': {'x': 333, 'y': 416}}
2026-05-21 13:38:33,373 - __main__ - DEBUG - Received face features request
2026-05-21 13:38:33,375 - __main__ - DEBUG - Processing base64 image
2026-05-21 13:38:33,387 - __main__ - DEBUG - Face landmarks detected
2026-05-21 13:38:33,388 - __main__ - DEBUG - Processed face points: {'Left Eye': {'x': 285, 'y': 296}, 'Right Eye': {'x': 380, 'y': 289}, 'Nose': {'x': 327, 'y': 315}, 'Mouth': {'x': 337, 'y': 354}, 'Left Ear': {'x': 259, 'y': 312}, 'Right Ear': {'x': 399, 'y': 309}, 'Chin': {'x': 328, 'y': 406}}
2026-05-21 13:38:33,506 - __main__ - DEBUG - Received face features request
2026-05-21 13:38:33,507 - __main__ - DEBUG - Processing base64 image
2026-05-21 13:38:33,517 - __main__ - DEBUG - Face landmarks detected
2026-05-21 13:38:33,518 - __main__ - DEBUG - Processed face points: {'Left Eye': {'x': 288, 'y': 275}, 'Right Eye': {'x': 382, 'y': 274}, 'Nose': {'x': 337, 'y': 293}, 'Mouth': {'x': 339, 'y': 334}, 'Left Ear': {'x': 269, 'y': 302}, 'Right Ear': {'x': 396, 'y': 294}, 'Chin': {'x': 343, 'y': 379}}
2026-05-21 13:38:33,641 - __main__ - DEBUG - Received face features request
2026-05-21 13:38:33,642 - __main__ - DEBUG - Processing base64 image
2026-05-21 13:38:33,653 - __main__ - DEBUG - Face landmarks detected
2026-05-21 13:38:33,654 - __main__ - DEBUG - Processed face points: {'Left Eye': {'x': 302, 'y': 254}, 'Right Eye': {'x': 397, 'y': 260}, 'Nose': {'x': 351, 'y': 283}, 'Mouth': {'x': 358, 'y': 319}, 'Left Ear': {'x': 282, 'y': 281}, 'Right Ear': {'x': 408, 'y': 283}, 'Chin': {'x': 352, 'y': 359}}
2026-05-21 13:38:33,781 - __main__ - DEBUG - Received face features request
2026-05-21 13:38:33,784 - __main__ - DEBUG - Processing base64 image
2026-05-21 13:38:33,794 - __main__ - DEBUG - Face landmarks detected
2026-05-21 13:38:33,795 - __main__ - DEBUG - Processed face points: {'Left Eye': {'x': 325, 'y': 250}, 'Right Eye': {'x': 404, 'y': 256}, 'Nose': {'x': 367, 'y': 274}, 'Mouth': {'x': 371, 'y': 310}, 'Left Ear': {'x': 295, 'y': 269}, 'Right Ear': {'x': 424, 'y': 281}, 'Chin': {'x': 363, 'y': 349}}
2026-05-21 13:38:33,920 - __main__ - DEBUG - Received face features request
2026-05-21 13:38:33,922 - __main__ - DEBUG - Processing base64 image
2026-05-21 13:38:33,933 - __main__ - DEBUG - Face landmarks detected
2026-05-21 13:38:33,934 - __main__ - DEBUG - Processed face points: {'Left Eye': {'x': 332, 'y': 244}, 'Right Eye': {'x': 423, 'y': 256}, 'Nose': {'x': 379, 'y': 278}, 'Mouth': {'x': 380, 'y': 303}, 'Left Ear': {'x': 304, 'y': 270}, 'Right Ear': {'x': 442, 'y': 275}, 'Chin': {'x': 383, 'y': 360}}
2026-05-21 13:38:34,061 - __main__ - DEBUG - Received face features request
2026-05-21 13:38:34,063 - __main__ - DEBUG - Processing base64 image
2026-05-21 13:38:34,075 - __main__ - DEBUG - Face landmarks detected
2026-05-21 13:38:34,077 - __main__ - DEBUG - Processed face points: {'Left Eye': {'x': 341, 'y': 254}, 'Right Eye': {'x': 429, 'y': 256}, 'Nose': {'x': 394, 'y': 273}, 'Mouth': {'x': 388, 'y': 310}, 'Left Ear': {'x': 311, 'y': 276}, 'Right Ear': {'x': 448, 'y': 281}, 'Chin': {'x': 387, 'y': 351}}
2026-05-21 13:38:34,191 - __main__ - DEBUG - Received face features request
2026-05-21 13:38:34,194 - __main__ - DEBUG - Processing base64 image
2026-05-21 13:38:34,206 - __main__ - DEBUG - Face landmarks detected
2026-05-21 13:38:34,208 - __main__ - DEBUG - Processed face points: {'Left Eye': {'x': 337, 'y': 252}, 'Right Eye': {'x': 423, 'y': 255}, 'Nose': {'x': 387, 'y': 278}, 'Mouth': {'x': 377, 'y': 313}, 'Left Ear': {'x': 314, 'y': 275}, 'Right Ear': {'x': 444, 'y': 278}, 'Chin': {'x': 374, 'y': 354}}
2026-05-21 13:38:34,336 - __main__ - DEBUG - Received face features request
2026-05-21 13:38:34,337 - __main__ - DEBUG - Processing base64 image
2026-05-21 13:38:34,350 - __main__ - DEBUG - Face landmarks detected
2026-05-21 13:38:34,351 - __main__ - DEBUG - Processed face points: {'Left Eye': {'x': 314, 'y': 253}, 'Right Eye': {'x': 403, 'y': 256}, 'Nose': {'x': 359, 'y': 273}, 'Mouth': {'x': 353, 'y': 302}, 'Left Ear': {'x': 295, 'y': 275}, 'Right Ear': {'x': 422, 'y': 278}, 'Chin': {'x': 359, 'y': 350}}
2026-05-21 13:38:34,475 - __main__ - DEBUG - Received face features request
2026-05-21 13:38:34,477 - __main__ - DEBUG - Processing base64 image
2026-05-21 13:38:34,489 - __main__ - DEBUG - Face landmarks detected
2026-05-21 13:38:34,490 - __main__ - DEBUG - Processed face points: {'Left Eye': {'x': 277, 'y': 253}, 'Right Eye': {'x': 368, 'y': 244}, 'Nose': {'x': 312, 'y': 271}, 'Mouth': {'x': 312, 'y': 300}, 'Left Ear': {'x': 265, 'y': 270}, 'Right Ear': {'x': 403, 'y': 272}, 'Chin': {'x': 322, 'y': 349}}
2026-05-21 13:38:34,619 - __main__ - DEBUG - Received face features request
2026-05-21 13:38:34,620 - __main__ - DEBUG - Processing base64 image
2026-05-21 13:38:34,630 - __main__ - DEBUG - Face landmarks detected
2026-05-21 13:38:34,632 - __main__ - DEBUG - Processed face points: {'Left Eye': {'x': 246, 'y': 245}, 'Right Eye': {'x': 330, 'y': 241}, 'Nose': {'x': 273, 'y': 273}, 'Mouth': {'x': 277, 'y': 301}, 'Left Ear': {'x': 249, 'y': 269}, 'Right Ear': {'x': 365, 'y': 269}, 'Chin': {'x': 275, 'y': 347}}
2026-05-21 13:38:34,748 - __main__ - DEBUG - Received face features request
2026-05-21 13:38:34,751 - __main__ - DEBUG - Processing base64 image
2026-05-21 13:38:34,762 - __main__ - DEBUG - Face landmarks detected
2026-05-21 13:38:34,764 - __main__ - DEBUG - Processed face points: {'Left Eye': {'x': 220, 'y': 248}, 'Right Eye': {'x': 299, 'y': 239}, 'Nose': {'x': 239, 'y': 273}, 'Mouth': {'x': 241, 'y': 299}, 'Left Ear': {'x': 220, 'y': 263}, 'Right Ear': {'x': 334, 'y': 259}, 'Chin': {'x': 250, 'y': 352}}
2026-05-21 13:38:34,882 - __main__ - DEBUG - Received face features request
2026-05-21 13:38:34,885 - __main__ - DEBUG - Processing base64 image
2026-05-21 13:38:34,896 - __main__ - DEBUG - Face landmarks detected
2026-05-21 13:38:34,898 - __main__ - DEBUG - Processed face points: {'Left Eye': {'x': 195, 'y': 262}, 'Right Eye': {'x': 280, 'y': 249}, 'Nose': {'x': 224, 'y': 280}, 'Mouth': {'x': 231, 'y': 317}, 'Left Ear': {'x': 202, 'y': 278}, 'Right Ear': {'x': 320, 'y': 266}, 'Chin': {'x': 234, 'y': 355}}
2026-05-21 13:38:35,019 - __main__ - DEBUG - Received face features request
2026-05-21 13:38:35,021 - __main__ - DEBUG - Processing base64 image
2026-05-21 13:38:35,033 - __main__ - DEBUG - Face landmarks detected
2026-05-21 13:38:35,035 - __main__ - DEBUG - Processed face points: {'Left Eye': {'x': 169, 'y': 270}, 'Right Eye': {'x': 247, 'y': 250}, 'Nose': {'x': 201, 'y': 287}, 'Mouth': {'x': 205, 'y': 317}, 'Left Ear': {'x': 167, 'y': 288}, 'Right Ear': {'x': 288, 'y': 274}, 'Chin': {'x': 210, 'y': 360}}
2026-05-21 13:38:35,154 - __main__ - DEBUG - Received face features request
2026-05-21 13:38:35,156 - __main__ - DEBUG - Processing base64 image
2026-05-21 13:38:35,168 - __main__ - DEBUG - Face landmarks detected
2026-05-21 13:38:35,169 - __main__ - DEBUG - Processed face points: {'Left Eye': {'x': 152, 'y': 270}, 'Right Eye': {'x': 241, 'y': 252}, 'Nose': {'x': 197, 'y': 284}, 'Mouth': {'x': 204, 'y': 318}, 'Left Ear': {'x': 139, 'y': 301}, 'Right Ear': {'x': 267, 'y': 275}, 'Chin': {'x': 207, 'y': 361}}
2026-05-21 13:38:35,287 - __main__ - DEBUG - Received face features request
2026-05-21 13:38:35,288 - __main__ - DEBUG - Processing base64 image
2026-05-21 13:38:35,298 - __main__ - DEBUG - Face landmarks detected
2026-05-21 13:38:35,300 - __main__ - DEBUG - Processed face points: {'Left Eye': {'x': 162, 'y': 271}, 'Right Eye': {'x': 245, 'y': 257}, 'Nose': {'x': 204, 'y': 285}, 'Mouth': {'x': 210, 'y': 316}, 'Left Ear': {'x': 145, 'y': 288}, 'Right Ear': {'x': 268, 'y': 275}, 'Chin': {'x': 206, 'y': 365}}
2026-05-21 13:38:35,425 - __main__ - DEBUG - Received face features request
2026-05-21 13:38:35,427 - __main__ - DEBUG - Processing base64 image
2026-05-21 13:38:35,438 - __main__ - DEBUG - Face landmarks detected
2026-05-21 13:38:35,439 - __main__ - DEBUG - Processed face points: {'Left Eye': {'x': 171, 'y': 258}, 'Right Eye': {'x': 261, 'y': 255}, 'Nose': {'x': 217, 'y': 270}, 'Mouth': {'x': 213, 'y': 312}, 'Left Ear': {'x': 160, 'y': 289}, 'Right Ear': {'x': 286, 'y': 275}, 'Chin': {'x': 223, 'y': 357}}
2026-05-21 13:38:35,557 - __main__ - DEBUG - Received face features request
2026-05-21 13:38:35,559 - __main__ - DEBUG - Processing base64 image
2026-05-21 13:38:35,572 - __main__ - DEBUG - Face landmarks detected
2026-05-21 13:38:35,573 - __main__ - DEBUG - Processed face points: {'Left Eye': {'x': 185, 'y': 253}, 'Right Eye': {'x': 273, 'y': 250}, 'Nose': {'x': 228, 'y': 270}, 'Mouth': {'x': 226, 'y': 307}, 'Left Ear': {'x': 165, 'y': 282}, 'Right Ear': {'x': 292, 'y': 274}, 'Chin': {'x': 228, 'y': 362}}
2026-05-21 13:38:35,693 - __main__ - DEBUG - Received face features request
2026-05-21 13:38:35,695 - __main__ - DEBUG - Processing base64 image
2026-05-21 13:38:35,706 - __main__ - DEBUG - Face landmarks detected
2026-05-21 13:38:35,708 - __main__ - DEBUG - Processed face points: {'Left Eye': {'x': 184, 'y': 261}, 'Right Eye': {'x': 275, 'y': 249}, 'Nose': {'x': 231, 'y': 275}, 'Mouth': {'x': 240, 'y': 306}, 'Left Ear': {'x': 172, 'y': 286}, 'Right Ear': {'x': 303, 'y': 271}, 'Chin': {'x': 234, 'y': 359}}
2026-05-21 13:38:35,823 - __main__ - DEBUG - Received face features request
2026-05-21 13:38:35,825 - __main__ - DEBUG - Processing base64 image
2026-05-21 13:38:35,834 - __main__ - DEBUG - Face landmarks detected
2026-05-21 13:38:35,835 - __main__ - DEBUG - Processed face points: {'Left Eye': {'x': 202, 'y': 257}, 'Right Eye': {'x': 286, 'y': 258}, 'Nose': {'x': 253, 'y': 277}, 'Mouth': {'x': 250, 'y': 311}, 'Left Ear': {'x': 179, 'y': 280}, 'Right Ear': {'x': 307, 'y': 279}, 'Chin': {'x': 244, 'y': 365}}
2026-05-21 13:38:35,953 - __main__ - DEBUG - Received face features request
2026-05-21 13:38:35,955 - __main__ - DEBUG - Processing base64 image
2026-05-21 13:38:35,967 - __main__ - DEBUG - Face landmarks detected
2026-05-21 13:38:35,971 - __main__ - DEBUG - Processed face points: {'Left Eye': {'x': 211, 'y': 263}, 'Right Eye': {'x': 298, 'y': 257}, 'Nose': {'x': 258, 'y': 279}, 'Mouth': {'x': 255, 'y': 311}, 'Left Ear': {'x': 192, 'y': 283}, 'Right Ear': {'x': 323, 'y': 275}, 'Chin': {'x': 254, 'y': 359}}
2026-05-21 13:38:36,095 - __main__ - DEBUG - Received face features request
2026-05-21 13:38:36,096 - __main__ - DEBUG - Processing base64 image
2026-05-21 13:38:36,110 - __main__ - DEBUG - Face landmarks detected
2026-05-21 13:38:36,111 - __main__ - DEBUG - Processed face points: {'Left Eye': {'x': 213, 'y': 262}, 'Right Eye': {'x': 309, 'y': 260}, 'Nose': {'x': 260, 'y': 287}, 'Mouth': {'x': 265, 'y': 317}, 'Left Ear': {'x': 191, 'y': 281}, 'Right Ear': {'x': 322, 'y': 277}, 'Chin': {'x': 258, 'y': 364}}
2026-05-21 13:38:36,234 - __main__ - DEBUG - Received face features request
2026-05-21 13:38:36,236 - __main__ - DEBUG - Processing base64 image
2026-05-21 13:38:36,247 - __main__ - DEBUG - Face landmarks detected
2026-05-21 13:38:36,248 - __main__ - DEBUG - Processed face points: {'Left Eye': {'x': 225, 'y': 261}, 'Right Eye': {'x': 311, 'y': 260}, 'Nose': {'x': 269, 'y': 281}, 'Mouth': {'x': 265, 'y': 313}, 'Left Ear': {'x': 200, 'y': 283}, 'Right Ear': {'x': 334, 'y': 276}, 'Chin': {'x': 265, 'y': 365}}
2026-05-21 13:38:36,377 - __main__ - DEBUG - Received face features request
2026-05-21 13:38:36,378 - __main__ - DEBUG - Processing base64 image
2026-05-21 13:38:36,387 - __main__ - DEBUG - Face landmarks detected
2026-05-21 13:38:36,389 - __main__ - DEBUG - Processed face points: {'Left Eye': {'x': 231, 'y': 263}, 'Right Eye': {'x': 314, 'y': 258}, 'Nose': {'x': 268, 'y': 277}, 'Mouth': {'x': 270, 'y': 310}, 'Left Ear': {'x': 209, 'y': 286}, 'Right Ear': {'x': 337, 'y': 277}, 'Chin': {'x': 275, 'y': 357}}
2026-05-21 13:38:36,514 - __main__ - DEBUG - Received face features request
2026-05-21 13:38:36,517 - __main__ - DEBUG - Processing base64 image
2026-05-21 13:38:36,526 - __main__ - DEBUG - Face landmarks detected
2026-05-21 13:38:36,527 - __main__ - DEBUG - Processed face points: {'Left Eye': {'x': 234, 'y': 259}, 'Right Eye': {'x': 322, 'y': 256}, 'Nose': {'x': 281, 'y': 281}, 'Mouth': {'x': 273, 'y': 316}, 'Left Ear': {'x': 212, 'y': 276}, 'Right Ear': {'x': 337, 'y': 274}, 'Chin': {'x': 278, 'y': 358}}
2026-05-21 13:38:36,655 - __main__ - DEBUG - Received face features request
2026-05-21 13:38:36,657 - __main__ - DEBUG - Processing base64 image
2026-05-21 13:38:36,670 - __main__ - DEBUG - Face landmarks detected
2026-05-21 13:38:36,672 - __main__ - DEBUG - Processed face points: {'Left Eye': {'x': 237, 'y': 260}, 'Right Eye': {'x': 322, 'y': 259}, 'Nose': {'x': 278, 'y': 276}, 'Mouth': {'x': 282, 'y': 318}, 'Left Ear': {'x': 219, 'y': 276}, 'Right Ear': {'x': 345, 'y': 285}, 'Chin': {'x': 284, 'y': 361}}
2026-05-21 13:38:36,797 - __main__ - DEBUG - Received face features request
2026-05-21 13:38:36,798 - __main__ - DEBUG - Processing base64 image
2026-05-21 13:38:36,809 - __main__ - DEBUG - Face landmarks detected
2026-05-21 13:38:36,812 - __main__ - DEBUG - Processed face points: {'Left Eye': {'x': 235, 'y': 256}, 'Right Eye': {'x': 324, 'y': 262}, 'Nose': {'x': 279, 'y': 276}, 'Mouth': {'x': 282, 'y': 309}, 'Left Ear': {'x': 219, 'y': 285}, 'Right Ear': {'x': 344, 'y': 276}, 'Chin': {'x': 284, 'y': 363}}
2026-05-21 13:38:36,929 - __main__ - DEBUG - Received face features request
2026-05-21 13:38:36,930 - __main__ - DEBUG - Processing base64 image
2026-05-21 13:38:36,942 - __main__ - DEBUG - Face landmarks detected
2026-05-21 13:38:36,943 - __main__ - DEBUG - Processed face points: {'Left Eye': {'x': 239, 'y': 254}, 'Right Eye': {'x': 327, 'y': 260}, 'Nose': {'x': 287, 'y': 279}, 'Mouth': {'x': 287, 'y': 314}, 'Left Ear': {'x': 223, 'y': 281}, 'Right Ear': {'x': 344, 'y': 281}, 'Chin': {'x': 285, 'y': 363}}
2026-05-21 13:38:37,064 - __main__ - DEBUG - Received face features request
2026-05-21 13:38:37,066 - __main__ - DEBUG - Processing base64 image
2026-05-21 13:38:37,077 - __main__ - DEBUG - Face landmarks detected
2026-05-21 13:38:37,078 - __main__ - DEBUG - Processed face points: {'Left Eye': {'x': 244, 'y': 260}, 'Right Eye': {'x': 329, 'y': 261}, 'Nose': {'x': 278, 'y': 287}, 'Mouth': {'x': 284, 'y': 310}, 'Left Ear': {'x': 219, 'y': 281}, 'Right Ear': {'x': 347, 'y': 282}, 'Chin': {'x': 282, 'y': 361}}
2026-05-21 13:38:37,205 - __main__ - DEBUG - Received face features request
2026-05-21 13:38:37,208 - __main__ - DEBUG - Processing base64 image
2026-05-21 13:38:37,219 - __main__ - DEBUG - Face landmarks detected
2026-05-21 13:38:37,220 - __main__ - DEBUG - Processed face points: {'Left Eye': {'x': 238, 'y': 253}, 'Right Eye': {'x': 329, 'y': 259}, 'Nose': {'x': 282, 'y': 279}, 'Mouth': {'x': 281, 'y': 314}, 'Left Ear': {'x': 219, 'y': 284}, 'Right Ear': {'x': 341, 'y': 281}, 'Chin': {'x': 282, 'y': 361}}
2026-05-21 13:38:37,345 - __main__ - DEBUG - Received face features request
2026-05-21 13:38:37,345 - __main__ - DEBUG - Processing base64 image
2026-05-21 13:38:37,358 - __main__ - DEBUG - Face landmarks detected
2026-05-21 13:38:37,360 - __main__ - DEBUG - Processed face points: {'Left Eye': {'x': 234, 'y': 256}, 'Right Eye': {'x': 323, 'y': 260}, 'Nose': {'x': 276, 'y': 277}, 'Mouth': {'x': 271, 'y': 310}, 'Left Ear': {'x': 210, 'y': 278}, 'Right Ear': {'x': 347, 'y': 275}, 'Chin': {'x': 278, 'y': 357}}
2026-05-21 13:38:37,473 - __main__ - DEBUG - Received face features request
2026-05-21 13:38:37,476 - __main__ - DEBUG - Processing base64 image
2026-05-21 13:38:37,486 - __main__ - DEBUG - Face landmarks detected
2026-05-21 13:38:37,488 - __main__ - DEBUG - Processed face points: {'Left Eye': {'x': 229, 'y': 264}, 'Right Eye': {'x': 311, 'y': 250}, 'Nose': {'x': 263, 'y': 284}, 'Mouth': {'x': 265, 'y': 311}, 'Left Ear': {'x': 202, 'y': 285}, 'Right Ear': {'x': 336, 'y': 277}, 'Chin': {'x': 270, 'y': 366}}
2026-05-21 13:38:37,613 - __main__ - DEBUG - Received face features request
2026-05-21 13:38:37,615 - __main__ - DEBUG - Processing base64 image
2026-05-21 13:38:37,625 - __main__ - DEBUG - Face landmarks detected
2026-05-21 13:38:37,627 - __main__ - DEBUG - Processed face points: {'Left Eye': {'x': 216, 'y': 261}, 'Right Eye': {'x': 312, 'y': 258}, 'Nose': {'x': 261, 'y': 283}, 'Mouth': {'x': 257, 'y': 309}, 'Left Ear': {'x': 198, 'y': 290}, 'Right Ear': {'x': 325, 'y': 276}, 'Chin': {'x': 262, 'y': 355}}
2026-05-21 13:38:37,750 - __main__ - DEBUG - Received face features request
2026-05-21 13:38:37,753 - __main__ - DEBUG - Processing base64 image
2026-05-21 13:38:37,763 - __main__ - DEBUG - Face landmarks detected
2026-05-21 13:38:37,765 - __main__ - DEBUG - Processed face points: {'Left Eye': {'x': 217, 'y': 259}, 'Right Eye': {'x': 303, 'y': 254}, 'Nose': {'x': 255, 'y': 283}, 'Mouth': {'x': 255, 'y': 311}, 'Left Ear': {'x': 203, 'y': 285}, 'Right Ear': {'x': 329, 'y': 277}, 'Chin': {'x': 254, 'y': 358}}
2026-05-21 13:38:37,887 - __main__ - DEBUG - Received face features request
2026-05-21 13:38:37,890 - __main__ - DEBUG - Processing base64 image
2026-05-21 13:38:37,900 - __main__ - DEBUG - Face landmarks detected
2026-05-21 13:38:37,902 - __main__ - DEBUG - Processed face points: {'Left Eye': {'x': 211, 'y': 262}, 'Right Eye': {'x': 305, 'y': 254}, 'Nose': {'x': 253, 'y': 281}, 'Mouth': {'x': 256, 'y': 313}, 'Left Ear': {'x': 194, 'y': 284}, 'Right Ear': {'x': 330, 'y': 280}, 'Chin': {'x': 254, 'y': 364}}
2026-05-21 13:38:38,016 - __main__ - DEBUG - Received face features request
2026-05-21 13:38:38,019 - __main__ - DEBUG - Processing base64 image
2026-05-21 13:38:38,029 - __main__ - DEBUG - Face landmarks detected
2026-05-21 13:38:38,032 - __main__ - DEBUG - Processed face points: {'Left Eye': {'x': 213, 'y': 257}, 'Right Eye': {'x': 303, 'y': 258}, 'Nose': {'x': 251, 'y': 283}, 'Mouth': {'x': 259, 'y': 317}, 'Left Ear': {'x': 204, 'y': 279}, 'Right Ear': {'x': 322, 'y': 278}, 'Chin': {'x': 258, 'y': 357}}
2026-05-21 13:38:38,158 - __main__ - DEBUG - Received face features request
2026-05-21 13:38:38,159 - __main__ - DEBUG - Processing base64 image
2026-05-21 13:38:38,170 - __main__ - DEBUG - Face landmarks detected
2026-05-21 13:38:38,171 - __main__ - DEBUG - Processed face points: {'Left Eye': {'x': 221, 'y': 263}, 'Right Eye': {'x': 304, 'y': 253}, 'Nose': {'x': 255, 'y': 282}, 'Mouth': {'x': 256, 'y': 320}, 'Left Ear': {'x': 204, 'y': 285}, 'Right Ear': {'x': 329, 'y': 283}, 'Chin': {'x': 259, 'y': 366}}
2026-05-21 13:38:38,289 - __main__ - DEBUG - Received face features request
2026-05-21 13:38:38,291 - __main__ - DEBUG - Processing base64 image
2026-05-21 13:38:38,303 - __main__ - DEBUG - Face landmarks detected
2026-05-21 13:38:38,304 - __main__ - DEBUG - Processed face points: {'Left Eye': {'x': 216, 'y': 262}, 'Right Eye': {'x': 301, 'y': 257}, 'Nose': {'x': 249, 'y': 279}, 'Mouth': {'x': 259, 'y': 320}, 'Left Ear': {'x': 196, 'y': 290}, 'Right Ear': {'x': 326, 'y': 282}, 'Chin': {'x': 262, 'y': 363}}
2026-05-21 13:38:38,420 - __main__ - DEBUG - Received face features request
2026-05-21 13:38:38,423 - __main__ - DEBUG - Processing base64 image
2026-05-21 13:38:38,433 - __main__ - DEBUG - Face landmarks detected
2026-05-21 13:38:38,436 - __main__ - DEBUG - Processed face points: {'Left Eye': {'x': 204, 'y': 258}, 'Right Eye': {'x': 295, 'y': 260}, 'Nose': {'x': 239, 'y': 287}, 'Mouth': {'x': 243, 'y': 312}, 'Left Ear': {'x': 190, 'y': 291}, 'Right Ear': {'x': 320, 'y': 276}, 'Chin': {'x': 243, 'y': 359}}
2026-05-21 13:38:38,562 - __main__ - DEBUG - Received face features request
2026-05-21 13:38:38,564 - __main__ - DEBUG - Processing base64 image
2026-05-21 13:38:38,574 - __main__ - DEBUG - Face landmarks detected
2026-05-21 13:38:38,575 - __main__ - DEBUG - Processed face points: {'Left Eye': {'x': 179, 'y': 263}, 'Right Eye': {'x': 272, 'y': 251}, 'Nose': {'x': 214, 'y': 288}, 'Mouth': {'x': 226, 'y': 323}, 'Left Ear': {'x': 184, 'y': 291}, 'Right Ear': {'x': 306, 'y': 272}, 'Chin': {'x': 236, 'y': 362}}
2026-05-21 13:38:38,700 - __main__ - DEBUG - Received face features request
2026-05-21 13:38:38,702 - __main__ - DEBUG - Processing base64 image
2026-05-21 13:38:38,714 - __main__ - DEBUG - Face landmarks detected
2026-05-21 13:38:38,715 - __main__ - DEBUG - Processed face points: {'Left Eye': {'x': 164, 'y': 268}, 'Right Eye': {'x': 247, 'y': 252}, 'Nose': {'x': 183, 'y': 290}, 'Mouth': {'x': 193, 'y': 322}, 'Left Ear': {'x': 157, 'y': 297}, 'Right Ear': {'x': 290, 'y': 277}, 'Chin': {'x': 200, 'y': 370}}
2026-05-21 13:38:38,844 - __main__ - DEBUG - Received face features request
2026-05-21 13:38:38,846 - __main__ - DEBUG - Processing base64 image
2026-05-21 13:38:38,859 - __main__ - DEBUG - Face landmarks detected
2026-05-21 13:38:38,861 - __main__ - DEBUG - Processed face points: {'Left Eye': {'x': 143, 'y': 272}, 'Right Eye': {'x': 221, 'y': 263}, 'Nose': {'x': 160, 'y': 298}, 'Mouth': {'x': 177, 'y': 326}, 'Left Ear': {'x': 137, 'y': 301}, 'Right Ear': {'x': 275, 'y': 278}, 'Chin': {'x': 180, 'y': 381}}
2026-05-21 13:38:38,976 - __main__ - DEBUG - Received face features request
2026-05-21 13:38:38,978 - __main__ - DEBUG - Processing base64 image
2026-05-21 13:38:38,991 - __main__ - DEBUG - Face landmarks detected
2026-05-21 13:38:38,992 - __main__ - DEBUG - Processed face points: {'Left Eye': {'x': 126, 'y': 278}, 'Right Eye': {'x': 210, 'y': 257}, 'Nose': {'x': 149, 'y': 305}, 'Mouth': {'x': 159, 'y': 335}, 'Left Ear': {'x': 134, 'y': 307}, 'Right Ear': {'x': 254, 'y': 284}, 'Chin': {'x': 167, 'y': 379}}
2026-05-21 13:38:39,109 - __main__ - DEBUG - Received face features request
2026-05-21 13:38:39,111 - __main__ - DEBUG - Processing base64 image
2026-05-21 13:38:39,123 - __main__ - DEBUG - Face landmarks detected
2026-05-21 13:38:39,124 - __main__ - DEBUG - Processed face points: {'Left Eye': {'x': 122, 'y': 281}, 'Right Eye': {'x': 210, 'y': 263}, 'Nose': {'x': 144, 'y': 298}, 'Mouth': {'x': 162, 'y': 335}, 'Left Ear': {'x': 131, 'y': 308}, 'Right Ear': {'x': 247, 'y': 281}, 'Chin': {'x': 173, 'y': 380}}
2026-05-21 13:38:39,249 - __main__ - DEBUG - Received face features request
2026-05-21 13:38:39,251 - __main__ - DEBUG - Processing base64 image
2026-05-21 13:38:39,262 - __main__ - DEBUG - Face landmarks detected
2026-05-21 13:38:39,263 - __main__ - DEBUG - Processed face points: {'Left Eye': {'x': 128, 'y': 285}, 'Right Eye': {'x': 221, 'y': 257}, 'Nose': {'x': 156, 'y': 295}, 'Mouth': {'x': 173, 'y': 329}, 'Left Ear': {'x': 130, 'y': 311}, 'Right Ear': {'x': 257, 'y': 275}, 'Chin': {'x': 181, 'y': 375}}
2026-05-21 13:38:39,391 - __main__ - DEBUG - Received face features request
2026-05-21 13:38:39,393 - __main__ - DEBUG - Processing base64 image
2026-05-21 13:38:39,404 - __main__ - DEBUG - Face landmarks detected
2026-05-21 13:38:39,405 - __main__ - DEBUG - Processed face points: {'Left Eye': {'x': 164, 'y': 275}, 'Right Eye': {'x': 247, 'y': 261}, 'Nose': {'x': 194, 'y': 293}, 'Mouth': {'x': 203, 'y': 320}, 'Left Ear': {'x': 157, 'y': 296}, 'Right Ear': {'x': 287, 'y': 280}, 'Chin': {'x': 214, 'y': 374}}
2026-05-21 13:38:39,521 - __main__ - DEBUG - Received face features request
2026-05-21 13:38:39,524 - __main__ - DEBUG - Processing base64 image
2026-05-21 13:38:39,534 - __main__ - DEBUG - Face landmarks detected
2026-05-21 13:38:39,536 - __main__ - DEBUG - Processed face points: {'Left Eye': {'x': 195, 'y': 268}, 'Right Eye': {'x': 282, 'y': 255}, 'Nose': {'x': 242, 'y': 283}, 'Mouth': {'x': 238, 'y': 318}, 'Left Ear': {'x': 176, 'y': 294}, 'Right Ear': {'x': 306, 'y': 272}, 'Chin': {'x': 247, 'y': 375}}
2026-05-21 13:38:39,653 - __main__ - DEBUG - Received face features request
2026-05-21 13:38:39,654 - __main__ - DEBUG - Processing base64 image
2026-05-21 13:38:39,668 - __main__ - DEBUG - Face landmarks detected
2026-05-21 13:38:39,674 - __main__ - DEBUG - Processed face points: {'Left Eye': {'x': 226, 'y': 268}, 'Right Eye': {'x': 321, 'y': 260}, 'Nose': {'x': 276, 'y': 286}, 'Mouth': {'x': 278, 'y': 314}, 'Left Ear': {'x': 208, 'y': 291}, 'Right Ear': {'x': 344, 'y': 275}, 'Chin': {'x': 280, 'y': 369}}
2026-05-21 13:38:39,807 - __main__ - DEBUG - Received face features request
2026-05-21 13:38:39,809 - __main__ - DEBUG - Processing base64 image
2026-05-21 13:38:39,820 - __main__ - DEBUG - Face landmarks detected
2026-05-21 13:38:39,822 - __main__ - DEBUG - Processed face points: {'Left Eye': {'x': 265, 'y': 266}, 'Right Eye': {'x': 362, 'y': 265}, 'Nose': {'x': 328, 'y': 294}, 'Mouth': {'x': 322, 'y': 327}, 'Left Ear': {'x': 237, 'y': 279}, 'Right Ear': {'x': 371, 'y': 278}, 'Chin': {'x': 315, 'y': 369}}
2026-05-21 13:38:39,954 - __main__ - DEBUG - Received face features request
2026-05-21 13:38:39,955 - __main__ - DEBUG - Processing base64 image
2026-05-21 13:38:39,966 - __main__ - DEBUG - Face landmarks detected
2026-05-21 13:38:39,968 - __main__ - DEBUG - Processed face points: {'Left Eye': {'x': 299, 'y': 262}, 'Right Eye': {'x': 382, 'y': 262}, 'Nose': {'x': 345, 'y': 290}, 'Mouth': {'x': 347, 'y': 327}, 'Left Ear': {'x': 269, 'y': 286}, 'Right Ear': {'x': 403, 'y': 285}, 'Chin': {'x': 339, 'y': 372}}
2026-05-21 13:38:40,091 - __main__ - DEBUG - Received face features request
2026-05-21 13:38:40,093 - __main__ - DEBUG - Processing base64 image
2026-05-21 13:38:40,103 - __main__ - DEBUG - Face landmarks detected
2026-05-21 13:38:40,105 - __main__ - DEBUG - Processed face points: {'Left Eye': {'x': 314, 'y': 271}, 'Right Eye': {'x': 409, 'y': 267}, 'Nose': {'x': 366, 'y': 300}, 'Mouth': {'x': 360, 'y': 328}, 'Left Ear': {'x': 294, 'y': 292}, 'Right Ear': {'x': 423, 'y': 289}, 'Chin': {'x': 362, 'y': 377}}
2026-05-21 13:38:40,228 - __main__ - DEBUG - Received face features request
2026-05-21 13:38:40,229 - __main__ - DEBUG - Processing base64 image
2026-05-21 13:38:40,238 - __main__ - DEBUG - Face landmarks detected
2026-05-21 13:38:40,240 - __main__ - DEBUG - Processed face points: {'Left Eye': {'x': 332, 'y': 269}, 'Right Eye': {'x': 417, 'y': 275}, 'Nose': {'x': 374, 'y': 298}, 'Mouth': {'x': 370, 'y': 336}, 'Left Ear': {'x': 299, 'y': 286}, 'Right Ear': {'x': 428, 'y': 298}, 'Chin': {'x': 368, 'y': 375}}
2026-05-21 13:38:40,355 - __main__ - DEBUG - Received face features request
2026-05-21 13:38:40,358 - __main__ - DEBUG - Processing base64 image
2026-05-21 13:38:40,375 - __main__ - DEBUG - Face landmarks detected
2026-05-21 13:38:40,376 - __main__ - DEBUG - Processed face points: {'Left Eye': {'x': 332, 'y': 266}, 'Right Eye': {'x': 410, 'y': 273}, 'Nose': {'x': 377, 'y': 301}, 'Mouth': {'x': 365, 'y': 333}, 'Left Ear': {'x': 302, 'y': 294}, 'Right Ear': {'x': 429, 'y': 297}, 'Chin': {'x': 369, 'y': 377}}
2026-05-21 13:38:40,499 - __main__ - DEBUG - Received face features request
2026-05-21 13:38:40,501 - __main__ - DEBUG - Processing base64 image
2026-05-21 13:38:40,513 - __main__ - DEBUG - Face landmarks detected
2026-05-21 13:38:40,514 - __main__ - DEBUG - Processed face points: {'Left Eye': {'x': 323, 'y': 271}, 'Right Eye': {'x': 416, 'y': 274}, 'Nose': {'x': 368, 'y': 302}, 'Mouth': {'x': 367, 'y': 330}, 'Left Ear': {'x': 302, 'y': 286}, 'Right Ear': {'x': 426, 'y': 297}, 'Chin': {'x': 367, 'y': 379}}
2026-05-21 13:38:40,637 - __main__ - DEBUG - Received face features request
2026-05-21 13:38:40,639 - __main__ - DEBUG - Processing base64 image
2026-05-21 13:38:40,651 - __main__ - DEBUG - Face landmarks detected
2026-05-21 13:38:40,652 - __main__ - DEBUG - Processed face points: {'Left Eye': {'x': 325, 'y': 274}, 'Right Eye': {'x': 407, 'y': 279}, 'Nose': {'x': 366, 'y': 302}, 'Mouth': {'x': 368, 'y': 330}, 'Left Ear': {'x': 299, 'y': 292}, 'Right Ear': {'x': 428, 'y': 300}, 'Chin': {'x': 357, 'y': 376}}
2026-05-21 13:38:40,777 - __main__ - DEBUG - Received face features request
2026-05-21 13:38:40,779 - __main__ - DEBUG - Processing base64 image
2026-05-21 13:38:40,790 - __main__ - DEBUG - Face landmarks detected
2026-05-21 13:38:40,791 - __main__ - DEBUG - Processed face points: {'Left Eye': {'x': 318, 'y': 267}, 'Right Eye': {'x': 409, 'y': 273}, 'Nose': {'x': 359, 'y': 294}, 'Mouth': {'x': 356, 'y': 332}, 'Left Ear': {'x': 297, 'y': 294}, 'Right Ear': {'x': 419, 'y': 298}, 'Chin': {'x': 354, 'y': 378}}
2026-05-21 13:38:40,911 - __main__ - DEBUG - Received face features request
2026-05-21 13:38:40,914 - __main__ - DEBUG - Processing base64 image
2026-05-21 13:38:40,923 - __main__ - DEBUG - Face landmarks detected
2026-05-21 13:38:40,924 - __main__ - DEBUG - Processed face points: {'Left Eye': {'x': 313, 'y': 264}, 'Right Eye': {'x': 399, 'y': 277}, 'Nose': {'x': 357, 'y': 293}, 'Mouth': {'x': 352, 'y': 324}, 'Left Ear': {'x': 287, 'y': 286}, 'Right Ear': {'x': 417, 'y': 299}, 'Chin': {'x': 348, 'y': 378}}
2026-05-21 13:38:41,040 - __main__ - DEBUG - Received face features request
2026-05-21 13:38:41,042 - __main__ - DEBUG - Processing base64 image
2026-05-21 13:38:41,054 - __main__ - DEBUG - Face landmarks detected
2026-05-21 13:38:41,055 - __main__ - DEBUG - Processed face points: {'Left Eye': {'x': 319, 'y': 262}, 'Right Eye': {'x': 396, 'y': 269}, 'Nose': {'x': 360, 'y': 293}, 'Mouth': {'x': 359, 'y': 324}, 'Left Ear': {'x': 289, 'y': 292}, 'Right Ear': {'x': 421, 'y': 295}, 'Chin': {'x': 354, 'y': 374}}
2026-05-21 13:38:41,171 - __main__ - DEBUG - Received face features request
2026-05-21 13:38:41,173 - __main__ - DEBUG - Processing base64 image
2026-05-21 13:38:41,183 - __main__ - DEBUG - Face landmarks detected
2026-05-21 13:38:41,185 - __main__ - DEBUG - Processed face points: {'Left Eye': {'x': 308, 'y': 262}, 'Right Eye': {'x': 398, 'y': 270}, 'Nose': {'x': 360, 'y': 291}, 'Mouth': {'x': 351, 'y': 322}, 'Left Ear': {'x': 286, 'y': 285}, 'Right Ear': {'x': 414, 'y': 293}, 'Chin': {'x': 348, 'y': 375}}
2026-05-21 13:38:41,308 - __main__ - DEBUG - Received face features request
2026-05-21 13:38:41,309 - __main__ - DEBUG - Processing base64 image
2026-05-21 13:38:41,319 - __main__ - DEBUG - Face landmarks detected
2026-05-21 13:38:41,320 - __main__ - DEBUG - Processed face points: {'Left Eye': {'x': 307, 'y': 268}, 'Right Eye': {'x': 400, 'y': 272}, 'Nose': {'x': 361, 'y': 296}, 'Mouth': {'x': 351, 'y': 323}, 'Left Ear': {'x': 284, 'y': 286}, 'Right Ear': {'x': 417, 'y': 296}, 'Chin': {'x': 352, 'y': 376}}
2026-05-21 13:38:41,440 - __main__ - DEBUG - Received face features request
2026-05-21 13:38:41,441 - __main__ - DEBUG - Processing base64 image
2026-05-21 13:38:41,451 - __main__ - DEBUG - Face landmarks detected
2026-05-21 13:38:41,452 - __main__ - DEBUG - Processed face points: {'Left Eye': {'x': 311, 'y': 269}, 'Right Eye': {'x': 398, 'y': 268}, 'Nose': {'x': 358, 'y': 301}, 'Mouth': {'x': 358, 'y': 327}, 'Left Ear': {'x': 288, 'y': 289}, 'Right Ear': {'x': 419, 'y': 298}, 'Chin': {'x': 346, 'y': 372}}
2026-05-21 13:38:41,568 - __main__ - DEBUG - Received face features request
2026-05-21 13:38:41,570 - __main__ - DEBUG - Processing base64 image
2026-05-21 13:38:41,581 - __main__ - DEBUG - Face landmarks detected
2026-05-21 13:38:41,583 - __main__ - DEBUG - Processed face points: {'Left Eye': {'x': 308, 'y': 272}, 'Right Eye': {'x': 396, 'y': 266}, 'Nose': {'x': 358, 'y': 300}, 'Mouth': {'x': 358, 'y': 330}, 'Left Ear': {'x': 289, 'y': 285}, 'Right Ear': {'x': 413, 'y': 296}, 'Chin': {'x': 347, 'y': 376}}
2026-05-21 13:38:41,694 - __main__ - DEBUG - Received face features request
2026-05-21 13:38:41,696 - __main__ - DEBUG - Processing base64 image
2026-05-21 13:38:41,706 - __main__ - DEBUG - Face landmarks detected
2026-05-21 13:38:41,707 - __main__ - DEBUG - Processed face points: {'Left Eye': {'x': 312, 'y': 269}, 'Right Eye': {'x': 400, 'y': 266}, 'Nose': {'x': 358, 'y': 293}, 'Mouth': {'x': 357, 'y': 332}, 'Left Ear': {'x': 285, 'y': 285}, 'Right Ear': {'x': 411, 'y': 295}, 'Chin': {'x': 357, 'y': 372}}
2026-05-21 13:38:41,832 - __main__ - DEBUG - Received face features request
2026-05-21 13:38:41,834 - __main__ - DEBUG - Processing base64 image
2026-05-21 13:38:41,847 - __main__ - DEBUG - Face landmarks detected
2026-05-21 13:38:41,848 - __main__ - DEBUG - Processed face points: {'Left Eye': {'x': 313, 'y': 265}, 'Right Eye': {'x': 401, 'y': 274}, 'Nose': {'x': 359, 'y': 298}, 'Mouth': {'x': 358, 'y': 329}, 'Left Ear': {'x': 296, 'y': 291}, 'Right Ear': {'x': 411, 'y': 295}, 'Chin': {'x': 349, 'y': 375}}
2026-05-21 13:38:41,973 - __main__ - DEBUG - Received face features request
2026-05-21 13:38:41,975 - __main__ - DEBUG - Processing base64 image
2026-05-21 13:38:41,985 - __main__ - DEBUG - Face landmarks detected
2026-05-21 13:38:41,986 - __main__ - DEBUG - Processed face points: {'Left Eye': {'x': 317, 'y': 271}, 'Right Eye': {'x': 405, 'y': 272}, 'Nose': {'x': 367, 'y': 290}, 'Mouth': {'x': 361, 'y': 329}, 'Left Ear': {'x': 296, 'y': 288}, 'Right Ear': {'x': 421, 'y': 294}, 'Chin': {'x': 361, 'y': 371}}
2026-05-21 13:38:42,112 - __main__ - DEBUG - Received face features request
2026-05-21 13:38:42,116 - __main__ - DEBUG - Processing base64 image
2026-05-21 13:38:42,128 - __main__ - DEBUG - Face landmarks detected
2026-05-21 13:38:42,129 - __main__ - DEBUG - Processed face points: {'Left Eye': {'x': 319, 'y': 271}, 'Right Eye': {'x': 406, 'y': 272}, 'Nose': {'x': 367, 'y': 298}, 'Mouth': {'x': 361, 'y': 332}, 'Left Ear': {'x': 295, 'y': 284}, 'Right Ear': {'x': 424, 'y': 291}, 'Chin': {'x': 354, 'y': 378}}
2026-05-21 13:38:42,255 - __main__ - DEBUG - Received face features request
2026-05-21 13:38:42,257 - __main__ - DEBUG - Processing base64 image
2026-05-21 13:38:42,268 - __main__ - DEBUG - Face landmarks detected
2026-05-21 13:38:42,270 - __main__ - DEBUG - Processed face points: {'Left Eye': {'x': 312, 'y': 270}, 'Right Eye': {'x': 400, 'y': 268}, 'Nose': {'x': 366, 'y': 291}, 'Mouth': {'x': 357, 'y': 326}, 'Left Ear': {'x': 297, 'y': 289}, 'Right Ear': {'x': 417, 'y': 288}, 'Chin': {'x': 356, 'y': 367}}
2026-05-21 13:38:42,395 - __main__ - DEBUG - Received face features request
2026-05-21 13:38:42,398 - __main__ - DEBUG - Processing base64 image
2026-05-21 13:38:42,410 - __main__ - DEBUG - Face landmarks detected
2026-05-21 13:38:42,412 - __main__ - DEBUG - Processed face points: {'Left Eye': {'x': 319, 'y': 258}, 'Right Eye': {'x': 404, 'y': 262}, 'Nose': {'x': 358, 'y': 286}, 'Mouth': {'x': 355, 'y': 315}, 'Left Ear': {'x': 291, 'y': 280}, 'Right Ear': {'x': 410, 'y': 293}, 'Chin': {'x': 349, 'y': 363}}
2026-05-21 13:38:42,533 - __main__ - DEBUG - Received face features request
2026-05-21 13:38:42,535 - __main__ - DEBUG - Processing base64 image
2026-05-21 13:38:42,547 - __main__ - DEBUG - Face landmarks detected
2026-05-21 13:38:42,548 - __main__ - DEBUG - Processed face points: {'Left Eye': {'x': 313, 'y': 250}, 'Right Eye': {'x': 395, 'y': 257}, 'Nose': {'x': 349, 'y': 264}, 'Mouth': {'x': 355, 'y': 302}, 'Left Ear': {'x': 286, 'y': 271}, 'Right Ear': {'x': 405, 'y': 281}, 'Chin': {'x': 348, 'y': 347}}
2026-05-21 13:38:42,661 - __main__ - DEBUG - Received face features request
2026-05-21 13:38:42,663 - __main__ - DEBUG - Processing base64 image
2026-05-21 13:38:42,675 - __main__ - DEBUG - Face landmarks detected
2026-05-21 13:38:42,677 - __main__ - DEBUG - Processed face points: {'Left Eye': {'x': 310, 'y': 239}, 'Right Eye': {'x': 389, 'y': 252}, 'Nose': {'x': 347, 'y': 265}, 'Mouth': {'x': 347, 'y': 292}, 'Left Ear': {'x': 279, 'y': 274}, 'Right Ear': {'x': 407, 'y': 280}, 'Chin': {'x': 342, 'y': 348}}
2026-05-21 13:38:42,801 - __main__ - DEBUG - Received face features request
2026-05-21 13:38:42,803 - __main__ - DEBUG - Processing base64 image
2026-05-21 13:38:42,816 - __main__ - DEBUG - Face landmarks detected
2026-05-21 13:38:42,817 - __main__ - DEBUG - Processed face points: {'Left Eye': {'x': 307, 'y': 245}, 'Right Eye': {'x': 389, 'y': 250}, 'Nose': {'x': 345, 'y': 259}, 'Mouth': {'x': 342, 'y': 296}, 'Left Ear': {'x': 277, 'y': 270}, 'Right Ear': {'x': 404, 'y': 271}, 'Chin': {'x': 342, 'y': 339}}
2026-05-21 13:38:42,931 - __main__ - DEBUG - Received face features request
2026-05-21 13:38:42,932 - __main__ - DEBUG - Processing base64 image
2026-05-21 13:38:42,942 - __main__ - DEBUG - Face landmarks detected
2026-05-21 13:38:42,943 - __main__ - DEBUG - Processed face points: {'Left Eye': {'x': 295, 'y': 240}, 'Right Eye': {'x': 382, 'y': 253}, 'Nose': {'x': 345, 'y': 264}, 'Mouth': {'x': 343, 'y': 293}, 'Left Ear': {'x': 281, 'y': 272}, 'Right Ear': {'x': 397, 'y': 272}, 'Chin': {'x': 332, 'y': 346}}
2026-05-21 13:38:43,073 - __main__ - DEBUG - Received face features request
2026-05-21 13:38:43,074 - __main__ - DEBUG - Processing base64 image
2026-05-21 13:38:43,083 - __main__ - DEBUG - Face landmarks detected
2026-05-21 13:38:43,084 - __main__ - DEBUG - Processed face points: {'Left Eye': {'x': 299, 'y': 243}, 'Right Eye': {'x': 376, 'y': 250}, 'Nose': {'x': 342, 'y': 267}, 'Mouth': {'x': 337, 'y': 304}, 'Left Ear': {'x': 270, 'y': 274}, 'Right Ear': {'x': 401, 'y': 276}, 'Chin': {'x': 339, 'y': 350}}
2026-05-21 13:38:43,198 - __main__ - DEBUG - Received face features request
2026-05-21 13:38:43,200 - __main__ - DEBUG - Processing base64 image
2026-05-21 13:38:43,212 - __main__ - DEBUG - Face landmarks detected
2026-05-21 13:38:43,213 - __main__ - DEBUG - Processed face points: {'Left Eye': {'x': 292, 'y': 244}, 'Right Eye': {'x': 382, 'y': 249}, 'Nose': {'x': 334, 'y': 267}, 'Mouth': {'x': 330, 'y': 298}, 'Left Ear': {'x': 275, 'y': 270}, 'Right Ear': {'x': 401, 'y': 280}, 'Chin': {'x': 334, 'y': 343}}
2026-05-21 13:38:43,327 - __main__ - DEBUG - Received face features request
2026-05-21 13:38:43,328 - __main__ - DEBUG - Processing base64 image
2026-05-21 13:38:43,338 - __main__ - DEBUG - Face landmarks detected
2026-05-21 13:38:43,340 - __main__ - DEBUG - Processed face points: {'Left Eye': {'x': 296, 'y': 248}, 'Right Eye': {'x': 378, 'y': 254}, 'Nose': {'x': 335, 'y': 270}, 'Mouth': {'x': 331, 'y': 296}, 'Left Ear': {'x': 270, 'y': 271}, 'Right Ear': {'x': 398, 'y': 278}, 'Chin': {'x': 336, 'y': 347}}
2026-05-21 13:38:43,463 - __main__ - DEBUG - Received face features request
2026-05-21 13:38:43,464 - __main__ - DEBUG - Processing base64 image
2026-05-21 13:38:43,473 - __main__ - DEBUG - Face landmarks detected
2026-05-21 13:38:43,475 - __main__ - DEBUG - Processed face points: {'Left Eye': {'x': 296, 'y': 247}, 'Right Eye': {'x': 384, 'y': 250}, 'Nose': {'x': 341, 'y': 269}, 'Mouth': {'x': 339, 'y': 303}, 'Left Ear': {'x': 278, 'y': 266}, 'Right Ear': {'x': 400, 'y': 279}, 'Chin': {'x': 329, 'y': 348}}
2026-05-21 13:38:43,591 - __main__ - DEBUG - Received face features request
2026-05-21 13:38:43,594 - __main__ - DEBUG - Processing base64 image
2026-05-21 13:38:43,603 - __main__ - DEBUG - Face landmarks detected
2026-05-21 13:38:43,604 - __main__ - DEBUG - Processed face points: {'Left Eye': {'x': 296, 'y': 246}, 'Right Eye': {'x': 380, 'y': 255}, 'Nose': {'x': 335, 'y': 275}, 'Mouth': {'x': 337, 'y': 304}, 'Left Ear': {'x': 270, 'y': 266}, 'Right Ear': {'x': 396, 'y': 271}, 'Chin': {'x': 329, 'y': 347}}
2026-05-21 13:38:43,726 - __main__ - DEBUG - Received face features request
2026-05-21 13:38:43,728 - __main__ - DEBUG - Processing base64 image
2026-05-21 13:38:43,736 - __main__ - DEBUG - Face landmarks detected
2026-05-21 13:38:43,737 - __main__ - DEBUG - Processed face points: {'Left Eye': {'x': 298, 'y': 245}, 'Right Eye': {'x': 376, 'y': 250}, 'Nose': {'x': 344, 'y': 276}, 'Mouth': {'x': 341, 'y': 305}, 'Left Ear': {'x': 270, 'y': 270}, 'Right Ear': {'x': 396, 'y': 272}, 'Chin': {'x': 337, 'y': 353}}
2026-05-21 13:38:43,855 - __main__ - DEBUG - Received face features request
2026-05-21 13:38:43,857 - __main__ - DEBUG - Processing base64 image
2026-05-21 13:38:43,867 - __main__ - DEBUG - Face landmarks detected
2026-05-21 13:38:43,869 - __main__ - DEBUG - Processed face points: {'Left Eye': {'x': 292, 'y': 248}, 'Right Eye': {'x': 385, 'y': 250}, 'Nose': {'x': 343, 'y': 277}, 'Mouth': {'x': 338, 'y': 302}, 'Left Ear': {'x': 268, 'y': 268}, 'Right Ear': {'x': 399, 'y': 277}, 'Chin': {'x': 334, 'y': 345}}
2026-05-21 13:38:43,995 - __main__ - DEBUG - Received face features request
2026-05-21 13:38:43,997 - __main__ - DEBUG - Processing base64 image
2026-05-21 13:38:44,010 - __main__ - DEBUG - Face landmarks detected
2026-05-21 13:38:44,011 - __main__ - DEBUG - Processed face points: {'Left Eye': {'x': 296, 'y': 245}, 'Right Eye': {'x': 385, 'y': 250}, 'Nose': {'x': 341, 'y': 277}, 'Mouth': {'x': 340, 'y': 304}, 'Left Ear': {'x': 268, 'y': 266}, 'Right Ear': {'x': 401, 'y': 276}, 'Chin': {'x': 331, 'y': 350}}
2026-05-21 13:38:44,126 - __main__ - DEBUG - Received face features request
2026-05-21 13:38:44,128 - __main__ - DEBUG - Processing base64 image
2026-05-21 13:38:44,138 - __main__ - DEBUG - Face landmarks detected
2026-05-21 13:38:44,139 - __main__ - DEBUG - Processed face points: {'Left Eye': {'x': 296, 'y': 252}, 'Right Eye': {'x': 386, 'y': 256}, 'Nose': {'x': 341, 'y': 277}, 'Mouth': {'x': 337, 'y': 302}, 'Left Ear': {'x': 270, 'y': 269}, 'Right Ear': {'x': 397, 'y': 280}, 'Chin': {'x': 330, 'y': 358}}
2026-05-21 13:38:44,262 - __main__ - DEBUG - Received face features request
2026-05-21 13:38:44,265 - __main__ - DEBUG - Processing base64 image
2026-05-21 13:38:44,275 - __main__ - DEBUG - Face landmarks detected
2026-05-21 13:38:44,276 - __main__ - DEBUG - Processed face points: {'Left Eye': {'x': 291, 'y': 256}, 'Right Eye': {'x': 382, 'y': 258}, 'Nose': {'x': 340, 'y': 284}, 'Mouth': {'x': 336, 'y': 304}, 'Left Ear': {'x': 272, 'y': 273}, 'Right Ear': {'x': 396, 'y': 280}, 'Chin': {'x': 338, 'y': 360}}
2026-05-21 13:38:44,395 - __main__ - DEBUG - Received face features request
2026-05-21 13:38:44,396 - __main__ - DEBUG - Processing base64 image
2026-05-21 13:38:44,406 - __main__ - DEBUG - Face landmarks detected
2026-05-21 13:38:44,407 - __main__ - DEBUG - Processed face points: {'Left Eye': {'x': 296, 'y': 259}, 'Right Eye': {'x': 381, 'y': 258}, 'Nose': {'x': 337, 'y': 287}, 'Mouth': {'x': 342, 'y': 309}, 'Left Ear': {'x': 279, 'y': 268}, 'Right Ear': {'x': 399, 'y': 275}, 'Chin': {'x': 335, 'y': 358}}
2026-05-21 13:38:44,528 - __main__ - DEBUG - Received face features request
2026-05-21 13:38:44,529 - __main__ - DEBUG - Processing base64 image
2026-05-21 13:38:44,539 - __main__ - DEBUG - Face landmarks detected
2026-05-21 13:38:44,540 - __main__ - DEBUG - Processed face points: {'Left Eye': {'x': 303, 'y': 256}, 'Right Eye': {'x': 384, 'y': 255}, 'Nose': {'x': 343, 'y': 287}, 'Mouth': {'x': 340, 'y': 311}, 'Left Ear': {'x': 271, 'y': 269}, 'Right Ear': {'x': 399, 'y': 283}, 'Chin': {'x': 338, 'y': 363}}
2026-05-21 13:38:44,654 - __main__ - DEBUG - Received face features request
2026-05-21 13:38:44,655 - __main__ - DEBUG - Processing base64 image
2026-05-21 13:38:44,664 - __main__ - DEBUG - Face landmarks detected
2026-05-21 13:38:44,665 - __main__ - DEBUG - Processed face points: {'Left Eye': {'x': 300, 'y': 257}, 'Right Eye': {'x': 384, 'y': 254}, 'Nose': {'x': 337, 'y': 289}, 'Mouth': {'x': 337, 'y': 311}, 'Left Ear': {'x': 282, 'y': 271}, 'Right Ear': {'x': 399, 'y': 274}, 'Chin': {'x': 332, 'y': 362}}
2026-05-21 13:38:44,781 - __main__ - DEBUG - Received face features request
2026-05-21 13:38:44,782 - __main__ - DEBUG - Processing base64 image
2026-05-21 13:38:44,791 - __main__ - DEBUG - Face landmarks detected
2026-05-21 13:38:44,793 - __main__ - DEBUG - Processed face points: {'Left Eye': {'x': 294, 'y': 253}, 'Right Eye': {'x': 389, 'y': 262}, 'Nose': {'x': 333, 'y': 295}, 'Mouth': {'x': 337, 'y': 315}, 'Left Ear': {'x': 275, 'y': 276}, 'Right Ear': {'x': 403, 'y': 282}, 'Chin': {'x': 339, 'y': 365}}
2026-05-21 13:38:44,927 - __main__ - DEBUG - Received face features request
2026-05-21 13:38:44,928 - __main__ - DEBUG - Processing base64 image
2026-05-21 13:38:44,936 - __main__ - DEBUG - Face landmarks detected
2026-05-21 13:38:44,938 - __main__ - DEBUG - Processed face points: {'Left Eye': {'x': 296, 'y': 259}, 'Right Eye': {'x': 386, 'y': 256}, 'Nose': {'x': 333, 'y': 294}, 'Mouth': {'x': 340, 'y': 316}, 'Left Ear': {'x': 279, 'y': 267}, 'Right Ear': {'x': 397, 'y': 273}, 'Chin': {'x': 332, 'y': 356}}
2026-05-21 13:38:45,056 - __main__ - DEBUG - Received face features request
2026-05-21 13:38:45,057 - __main__ - DEBUG - Processing base64 image
2026-05-21 13:38:45,066 - __main__ - DEBUG - Face landmarks detected
2026-05-21 13:38:45,067 - __main__ - DEBUG - Processed face points: {'Left Eye': {'x': 299, 'y': 253}, 'Right Eye': {'x': 378, 'y': 256}, 'Nose': {'x': 333, 'y': 289}, 'Mouth': {'x': 335, 'y': 312}, 'Left Ear': {'x': 276, 'y': 269}, 'Right Ear': {'x': 406, 'y': 282}, 'Chin': {'x': 328, 'y': 365}}
2026-05-21 13:38:45,188 - __main__ - DEBUG - Received face features request
2026-05-21 13:38:45,189 - __main__ - DEBUG - Processing base64 image
2026-05-21 13:38:45,200 - __main__ - DEBUG - Face landmarks detected
2026-05-21 13:38:45,201 - __main__ - DEBUG - Processed face points: {'Left Eye': {'x': 298, 'y': 252}, 'Right Eye': {'x': 387, 'y': 260}, 'Nose': {'x': 342, 'y': 291}, 'Mouth': {'x': 337, 'y': 308}, 'Left Ear': {'x': 273, 'y': 273}, 'Right Ear': {'x': 395, 'y': 280}, 'Chin': {'x': 329, 'y': 357}}
2026-05-21 13:38:45,328 - __main__ - DEBUG - Received face features request
2026-05-21 13:38:45,330 - __main__ - DEBUG - Processing base64 image
2026-05-21 13:38:45,340 - __main__ - DEBUG - Face landmarks detected
2026-05-21 13:38:45,341 - __main__ - DEBUG - Processed face points: {'Left Eye': {'x': 298, 'y': 254}, 'Right Eye': {'x': 381, 'y': 257}, 'Nose': {'x': 340, 'y': 293}, 'Mouth': {'x': 340, 'y': 311}, 'Left Ear': {'x': 270, 'y': 274}, 'Right Ear': {'x': 402, 'y': 285}, 'Chin': {'x': 330, 'y': 358}}
2026-05-21 13:38:45,458 - __main__ - DEBUG - Received face features request
2026-05-21 13:38:45,460 - __main__ - DEBUG - Processing base64 image
2026-05-21 13:38:45,470 - __main__ - DEBUG - Face landmarks detected
2026-05-21 13:38:45,471 - __main__ - DEBUG - Processed face points: {'Left Eye': {'x': 291, 'y': 254}, 'Right Eye': {'x': 384, 'y': 264}, 'Nose': {'x': 337, 'y': 290}, 'Mouth': {'x': 340, 'y': 313}, 'Left Ear': {'x': 277, 'y': 269}, 'Right Ear': {'x': 396, 'y': 275}, 'Chin': {'x': 334, 'y': 362}}
2026-05-21 13:38:45,596 - __main__ - DEBUG - Received face features request
2026-05-21 13:38:45,599 - __main__ - DEBUG - Processing base64 image
2026-05-21 13:38:45,610 - __main__ - DEBUG - Face landmarks detected
2026-05-21 13:38:45,612 - __main__ - DEBUG - Processed face points: {'Left Eye': {'x': 296, 'y': 254}, 'Right Eye': {'x': 382, 'y': 257}, 'Nose': {'x': 332, 'y': 286}, 'Mouth': {'x': 334, 'y': 312}, 'Left Ear': {'x': 274, 'y': 266}, 'Right Ear': {'x': 406, 'y': 281}, 'Chin': {'x': 327, 'y': 358}}
2026-05-21 13:38:45,729 - __main__ - DEBUG - Received face features request
2026-05-21 13:38:45,731 - __main__ - DEBUG - Processing base64 image
2026-05-21 13:38:45,743 - __main__ - DEBUG - Face landmarks detected
2026-05-21 13:38:45,744 - __main__ - DEBUG - Processed face points: {'Left Eye': {'x': 293, 'y': 254}, 'Right Eye': {'x': 385, 'y': 263}, 'Nose': {'x': 334, 'y': 296}, 'Mouth': {'x': 339, 'y': 308}, 'Left Ear': {'x': 269, 'y': 267}, 'Right Ear': {'x': 402, 'y': 276}, 'Chin': {'x': 332, 'y': 360}}
2026-05-21 13:38:45,869 - __main__ - DEBUG - Received face features request
2026-05-21 13:38:45,870 - __main__ - DEBUG - Processing base64 image
2026-05-21 13:38:45,880 - __main__ - DEBUG - Face landmarks detected
2026-05-21 13:38:45,881 - __main__ - DEBUG - Processed face points: {'Left Eye': {'x': 302, 'y': 254}, 'Right Eye': {'x': 377, 'y': 263}, 'Nose': {'x': 334, 'y': 290}, 'Mouth': {'x': 337, 'y': 309}, 'Left Ear': {'x': 274, 'y': 276}, 'Right Ear': {'x': 395, 'y': 277}, 'Chin': {'x': 330, 'y': 363}}
2026-05-21 13:38:46,001 - __main__ - DEBUG - Received face features request
2026-05-21 13:38:46,002 - __main__ - DEBUG - Processing base64 image
2026-05-21 13:38:46,012 - __main__ - DEBUG - Face landmarks detected
2026-05-21 13:38:46,013 - __main__ - DEBUG - Processed face points: {'Left Eye': {'x': 293, 'y': 252}, 'Right Eye': {'x': 380, 'y': 259}, 'Nose': {'x': 336, 'y': 291}, 'Mouth': {'x': 336, 'y': 318}, 'Left Ear': {'x': 277, 'y': 272}, 'Right Ear': {'x': 397, 'y': 279}, 'Chin': {'x': 339, 'y': 359}}
2026-05-21 13:38:46,129 - __main__ - DEBUG - Received face features request
2026-05-21 13:38:46,132 - __main__ - DEBUG - Processing base64 image
2026-05-21 13:38:46,141 - __main__ - DEBUG - Face landmarks detected
2026-05-21 13:38:46,143 - __main__ - DEBUG - Processed face points: {'Left Eye': {'x': 298, 'y': 252}, 'Right Eye': {'x': 385, 'y': 257}, 'Nose': {'x': 336, 'y': 288}, 'Mouth': {'x': 334, 'y': 316}, 'Left Ear': {'x': 272, 'y': 274}, 'Right Ear': {'x': 403, 'y': 273}, 'Chin': {'x': 333, 'y': 357}}
2026-05-21 13:38:46,257 - __main__ - DEBUG - Received face features request
2026-05-21 13:38:46,258 - __main__ - DEBUG - Processing base64 image
2026-05-21 13:38:46,267 - __main__ - DEBUG - Face landmarks detected
2026-05-21 13:38:46,268 - __main__ - DEBUG - Processed face points: {'Left Eye': {'x': 298, 'y': 252}, 'Right Eye': {'x': 383, 'y': 258}, 'Nose': {'x': 338, 'y': 296}, 'Mouth': {'x': 339, 'y': 316}, 'Left Ear': {'x': 269, 'y': 271}, 'Right Ear': {'x': 403, 'y': 275}, 'Chin': {'x': 334, 'y': 364}}
2026-05-21 13:38:46,388 - __main__ - DEBUG - Received face features request
2026-05-21 13:38:46,389 - __main__ - DEBUG - Processing base64 image
2026-05-21 13:38:46,400 - __main__ - DEBUG - Face landmarks detected
2026-05-21 13:38:46,401 - __main__ - DEBUG - Processed face points: {'Left Eye': {'x': 297, 'y': 253}, 'Right Eye': {'x': 384, 'y': 258}, 'Nose': {'x': 343, 'y': 288}, 'Mouth': {'x': 341, 'y': 308}, 'Left Ear': {'x': 271, 'y': 280}, 'Right Ear': {'x': 395, 'y': 281}, 'Chin': {'x': 329, 'y': 358}}
2026-05-21 13:38:46,511 - __main__ - DEBUG - Received face features request
2026-05-21 13:38:46,513 - __main__ - DEBUG - Processing base64 image
2026-05-21 13:38:46,522 - __main__ - DEBUG - Face landmarks detected
2026-05-21 13:38:46,522 - __main__ - DEBUG - Processed face points: {'Left Eye': {'x': 296, 'y': 252}, 'Right Eye': {'x': 378, 'y': 255}, 'Nose': {'x': 335, 'y': 289}, 'Mouth': {'x': 331, 'y': 317}, 'Left Ear': {'x': 271, 'y': 270}, 'Right Ear': {'x': 404, 'y': 277}, 'Chin': {'x': 332, 'y': 367}}
2026-05-21 13:38:46,644 - __main__ - DEBUG - Received face features request
2026-05-21 13:38:46,645 - __main__ - DEBUG - Processing base64 image
2026-05-21 13:38:46,655 - __main__ - DEBUG - Face landmarks detected
2026-05-21 13:38:46,657 - __main__ - DEBUG - Processed face points: {'Left Eye': {'x': 295, 'y': 253}, 'Right Eye': {'x': 378, 'y': 262}, 'Nose': {'x': 343, 'y': 286}, 'Mouth': {'x': 333, 'y': 317}, 'Left Ear': {'x': 269, 'y': 273}, 'Right Ear': {'x': 396, 'y': 273}, 'Chin': {'x': 334, 'y': 364}}
2026-05-21 13:38:46,776 - __main__ - DEBUG - Received face features request
2026-05-21 13:38:46,777 - __main__ - DEBUG - Processing base64 image
2026-05-21 13:38:46,787 - __main__ - DEBUG - Face landmarks detected
2026-05-21 13:38:46,789 - __main__ - DEBUG - Processed face points: {'Left Eye': {'x': 299, 'y': 256}, 'Right Eye': {'x': 379, 'y': 255}, 'Nose': {'x': 339, 'y': 291}, 'Mouth': {'x': 341, 'y': 311}, 'Left Ear': {'x': 271, 'y': 271}, 'Right Ear': {'x': 397, 'y': 278}, 'Chin': {'x': 341, 'y': 356}}
2026-05-21 13:38:46,907 - __main__ - DEBUG - Received face features request
2026-05-21 13:38:46,908 - __main__ - DEBUG - Processing base64 image
2026-05-21 13:38:46,921 - __main__ - DEBUG - Face landmarks detected
2026-05-21 13:38:46,923 - __main__ - DEBUG - Processed face points: {'Left Eye': {'x': 292, 'y': 257}, 'Right Eye': {'x': 387, 'y': 256}, 'Nose': {'x': 337, 'y': 292}, 'Mouth': {'x': 339, 'y': 316}, 'Left Ear': {'x': 275, 'y': 274}, 'Right Ear': {'x': 401, 'y': 277}, 'Chin': {'x': 338, 'y': 360}}
2026-05-21 13:38:47,047 - __main__ - DEBUG - Received face features request
2026-05-21 13:38:47,048 - __main__ - DEBUG - Processing base64 image
2026-05-21 13:38:47,060 - __main__ - DEBUG - Face landmarks detected
2026-05-21 13:38:47,062 - __main__ - DEBUG - Processed face points: {'Left Eye': {'x': 294, 'y': 251}, 'Right Eye': {'x': 381, 'y': 256}, 'Nose': {'x': 340, 'y': 291}, 'Mouth': {'x': 339, 'y': 314}, 'Left Ear': {'x': 276, 'y': 271}, 'Right Ear': {'x': 397, 'y': 283}, 'Chin': {'x': 332, 'y': 360}}
2026-05-21 13:38:47,180 - __main__ - DEBUG - Received face features request
2026-05-21 13:38:47,182 - __main__ - DEBUG - Processing base64 image
2026-05-21 13:38:47,192 - __main__ - DEBUG - Face landmarks detected
2026-05-21 13:38:47,194 - __main__ - DEBUG - Processed face points: {'Left Eye': {'x': 293, 'y': 260}, 'Right Eye': {'x': 380, 'y': 255}, 'Nose': {'x': 340, 'y': 296}, 'Mouth': {'x': 336, 'y': 313}, 'Left Ear': {'x': 270, 'y': 275}, 'Right Ear': {'x': 405, 'y': 281}, 'Chin': {'x': 337, 'y': 357}}
2026-05-21 13:38:47,318 - __main__ - DEBUG - Received face features request
2026-05-21 13:38:47,319 - __main__ - DEBUG - Processing base64 image
2026-05-21 13:38:47,332 - __main__ - DEBUG - Face landmarks detected
2026-05-21 13:38:47,333 - __main__ - DEBUG - Processed face points: {'Left Eye': {'x': 301, 'y': 254}, 'Right Eye': {'x': 387, 'y': 263}, 'Nose': {'x': 343, 'y': 286}, 'Mouth': {'x': 339, 'y': 316}, 'Left Ear': {'x': 278, 'y': 278}, 'Right Ear': {'x': 397, 'y': 278}, 'Chin': {'x': 334, 'y': 362}}
2026-05-21 13:38:47,452 - __main__ - DEBUG - Received face features request
2026-05-21 13:38:47,454 - __main__ - DEBUG - Processing base64 image
2026-05-21 13:38:47,464 - __main__ - DEBUG - Face landmarks detected
2026-05-21 13:38:47,466 - __main__ - DEBUG - Processed face points: {'Left Eye': {'x': 297, 'y': 259}, 'Right Eye': {'x': 384, 'y': 254}, 'Nose': {'x': 337, 'y': 295}, 'Mouth': {'x': 343, 'y': 317}, 'Left Ear': {'x': 273, 'y': 279}, 'Right Ear': {'x': 406, 'y': 279}, 'Chin': {'x': 336, 'y': 363}}
2026-05-21 13:38:47,523 - __main__ - DEBUG - Received emotion detection request
2026-05-21 13:38:47,524 - __main__ - DEBUG - Processing base64 image
2026-05-21 13:38:47,599 - __main__ - DEBUG - Found 1 faces in the image
2026-05-21 13:38:47,693 - __main__ - DEBUG - Detected emotion: Happy
2026-05-21 13:38:48,718 - __main__ - DEBUG - Received emotion detection request
2026-05-21 13:38:48,720 - __main__ - DEBUG - Processing base64 image
2026-05-21 13:38:48,819 - __main__ - DEBUG - Found 1 faces in the image
2026-05-21 13:38:48,936 - __main__ - DEBUG - Detected emotion: Happy
